{"type":"FeatureCollection","features":[{"type":"Feature","geometry":{"type":"MultiPolygon","coordinates":[[[[-54.63061411260014,-34.8446819753076],[-54.630417938135224,-34.84475782147307],[-54.63023507114934,-34.84467755683276],[-54.630266288230644,-34.844517010226085],[-54.63056950462809,-34.844516984620775],[-54.63061411260014,-34.8446819753076]]],[[[-58.093757163512045,-33.03035851045602],[-58.09123325978431,-33.04266560015833],[-58.08794692293152,-33.0419120846312],[-58.0839648995489,-33.0361151969445],[-58.08305085343334,-33.03191919447587],[-58.08732266023792,-33.02589938953421],[-58.093757163512045,-33.03035851045602]]],[[[-58.05088730552235,-32.944427196580754],[-58.04734231784511,-32.943258913476726],[-58.04583518595156,-32.936547953330425],[-58.046414862968845,-32.93210665986278],[-58.04859976683657,-32.93035870391621],[-58.05012924276678,-32.9311613608223],[-58.05088730552235,-32.944427196580754]]],[[[-58.16343506961169,-33.082396237428156],[-58.160260140956325,-33.09071690367206],[-58.15579655836051,-33.091894129156216],[-58.15107444550142,-33.073888237060906],[-58.15242994194537,-33.070263037278465],[-58.15596605601921,-33.0710076551463],[-58.16173608095663,-33.07737973842034],[-58.16343506961169,-33.082396237428156]]],[[[-58.13975279231728,-33.053746484810894],[-58.13913735769687,-33.057139832537075],[-58.136907836510176,-33.05783546064284],[-58.13107977938343,-33.056100928460054],[-58.12912671012149,-33.051093361035775],[-58.13024594679021,-33.04768654956651],[-58.133527809184244,-33.04822611552028],[-58.13975279231728,-33.053746484810894]]],[[[-58.143556401772514,-33.04143046602191],[-58.14340030067731,-33.04537678679818],[-58.14254856763301,-33.048391078202066],[-58.138927841426046,-33.0455417579565],[-58.137768473104025,-33.04156871922881],[-58.139150734785666,-33.03731026026039],[-58.141500697396026,-33.039379245396624],[-58.143556401772514,-33.04143046602191]]],[[[-54.62943690547025,-34.84477564583929],[-54.629378991266,-34.845092266193916],[-54.62903560774236,-34.84534195326741],[-54.62872796142985,-34.845475738232814],[-54.628531707788575,-34.84540436064496],[-54.62838014506351,-34.84522603817791],[-54.628941957940114,-34.84485593521317],[-54.62943690547025,-34.84477564583929]]],[[[-58.39030961973016,-33.96670729611882],[-58.38111047976456,-33.982604034303556],[-58.3657043086706,-33.99552651894663],[-58.36411244507853,-33.99388105313213],[-58.36584705437947,-33.981163708589],[-58.36892379033895,-33.976004503380615],[-58.37567935871036,-33.96820557261676],[-58.38788392388407,-33.96340761119939],[-58.39030961973016,-33.96670729611882]]],[[[-58.11052338221214,-33.055623820367565],[-58.109136528204544,-33.05861581117274],[-58.10560937752136,-33.058080776505314],[-58.097074672210546,-33.051146820686284],[-58.09637464152568,-33.04610365135871],[-58.09927299887706,-33.03695350797662],[-58.10468195280572,-33.04081066130678],[-58.10760710112804,-33.0451582791273],[-58.11052338221214,-33.055623820367565]]],[[[-56.39908918894462,-34.79850801131976],[-56.392288998744554,-34.80408636353235],[-56.38280900097921,-34.80335954620719],[-56.37663757130123,-34.80154023749687],[-56.374550694236454,-34.799457802491844],[-56.38160497528757,-34.79345588325986],[-56.387981568366406,-34.79252839530868],[-56.39341716368336,-34.79605106201385],[-56.39829100476172,-34.79683140148818],[-56.39908918894462,-34.79850801131976]]],[[[-55.93117339337466,-34.95094689481869],[-55.92892601948697,-34.955606641548826],[-55.9248637929231,-34.95838911711905],[-55.91916060206114,-34.95358664913742],[-55.91701572209634,-34.94600619923805],[-55.91873694007455,-34.94029404245765],[-55.921019997798794,-34.93879577116365],[-55.924101205826524,-34.93940222347188],[-55.92878778542044,-34.94484679989521],[-55.93117339337466,-34.95094689481869]]],[[[-53.48169106595218,-33.940608201951],[-53.480745718874346,-33.940643877456615],[-53.48050051780382,-33.94033172986314],[-53.4795908147797,-33.94011771984712],[-53.47920285410944,-33.939827848069044],[-53.47933217411099,-33.93942209058228],[-53.47999213844144,-33.939181303285466],[-53.481026633021806,-33.93919021636623],[-53.48149039933205,-33.939765401786396],[-53.48169106595218,-33.940608201951]]],[[[-58.14031011757053,-33.06786400543281],[-58.138669160606675,-33.07065544182258],[-58.13521785338486,-33.072015449494124],[-58.128943877641895,-33.07177463337805],[-58.12172010844984,-33.066490618028986],[-58.11393457871216,-33.053206934650994],[-58.11510733209328,-33.051276157996085],[-58.11763560282275,-33.05183799509823],[-58.13211434853111,-33.06324440067323],[-58.1394629252255,-33.06535802184932],[-58.14031011757053,-33.06786400543281]]],[[[-53.770342088934896,-34.403801754702165],[-53.769708828493094,-34.40449290491733],[-53.76922285493311,-34.40446170181953],[-53.769048915227586,-34.40394889409314],[-53.76872786048778,-34.40365461682595],[-53.76870111978468,-34.40287429807769],[-53.76916481979489,-34.40212066393666],[-53.7697846638263,-34.40211178949205],[-53.770145876160804,-34.4022500301127],[-53.7699942876471,-34.40317304758073],[-53.770342088934896,-34.403801754702165]]],[[[-58.213987833453494,-33.10562813829615],[-58.21179401329818,-33.107170973109035],[-58.19649931638984,-33.10697926613102],[-58.184330366250975,-33.103532378966925],[-58.17947886936138,-33.0950199273708],[-58.180638238833545,-33.09266555539382],[-58.1947557604821,-33.094792504568076],[-58.20400842513526,-33.09431539628728],[-58.2106301474547,-33.09686604392377],[-58.21248964406301,-33.09955485137953],[-58.21134810956536,-33.102328435420745],[-58.213987833453494,-33.10562813829615]]],[[[-57.56497016037785,-34.48506443314688],[-57.56481852398712,-34.488234848316274],[-57.561353843418814,-34.49127149732685],[-57.554303960915846,-34.49396476936623],[-57.54870337528266,-34.49409412453764],[-57.538897802143254,-34.49051793234344],[-57.53780534663231,-34.48843108472374],[-57.53950869075571,-34.48585814790056],[-57.551530412014706,-34.48706657619064],[-57.557505590205295,-34.482919593641434],[-57.562589019147296,-34.48238003857878],[-57.56497016037785,-34.48506443314688]]],[[[-54.63038672099618,-34.84570764046082],[-54.630346548824,-34.846050961567414],[-54.63014593933385,-34.84629618802904],[-54.62974011879995,-34.84638534921154],[-54.629245169439,-34.84626948001488],[-54.629245169439,-34.84583691028402],[-54.62931655779107,-34.84564070144932],[-54.629655423161346,-34.845466792262975],[-54.629909594031226,-34.84541327941849],[-54.63016820135568,-34.84542665210075],[-54.630319851078816,-34.845524769604125],[-54.63038672099618,-34.84570764046082]]],[[[-53.7515960119755,-34.40271821124699],[-53.751488990276115,-34.40320875443206],[-53.750882536794784,-34.403284484959066],[-53.7504544548659,-34.403266685898195],[-53.749946089980604,-34.40303479970192],[-53.749357526500106,-34.40290100397879],[-53.74925497736878,-34.40256660193947],[-53.74944675014945,-34.40218316703502],[-53.74999517162764,-34.402160809293186],[-53.75052133216397,-34.40241944926609],[-53.75102523130101,-34.402352585010625],[-53.7515960119755,-34.40271821124699]]],[[[-53.7672385085486,-34.40657536732309],[-53.767002152122785,-34.40693203015505],[-53.76694867192541,-34.40748499785609],[-53.7664448339962,-34.40790860531652],[-53.76611931969132,-34.40793534926976],[-53.765833874913476,-34.40770348344845],[-53.76552624477839,-34.407757009148305],[-53.76488855361299,-34.40761433475434],[-53.764228598908026,-34.407293211372505],[-53.76475477407827,-34.406798309918464],[-53.76540579251759,-34.406753653210124],[-53.76615938801057,-34.406784867446675],[-53.76676140874094,-34.406437101224995],[-53.7672385085486,-34.40657536732309]]],[[[-54.14942804626606,-34.662068427261765],[-54.14923187602414,-34.66244750442919],[-54.14923187602414,-34.66274626708077],[-54.14907131295665,-34.66300488713953],[-54.14875917263075,-34.663076174046864],[-54.1485674964526,-34.66295581101913],[-54.148375737546495,-34.66295583623133],[-54.14803240291377,-34.662630300541075],[-54.14776926666961,-34.66232708937203],[-54.14763998664782,-34.6621754841224],[-54.147510623645765,-34.66183660081127],[-54.147947630186884,-34.66166267070612],[-54.14847831394473,-34.66175188990959],[-54.148629890990854,-34.66177861589297],[-54.14897322821725,-34.66197924338307],[-54.14942804626606,-34.662068427261765]]],[[[-54.871204948434496,-35.028370230493195],[-54.87097748212936,-35.02852631581033],[-54.87103993038168,-35.02869576284059],[-54.87119151867234,-35.02887411534824],[-54.87089279095857,-35.02908810937048],[-54.870602961467156,-35.029159492857445],[-54.870308684420415,-35.028851813738534],[-54.86999653029546,-35.0285708858562],[-54.86984486023981,-35.028441538109305],[-54.86996975509682,-35.028276606987],[-54.87016599483962,-35.02822308613811],[-54.870277460561894,-35.02801795121204],[-54.8705003924529,-35.02787083817154],[-54.87081254846174,-35.02787083627867],[-54.87093291223591,-35.02793320196617],[-54.87114250005875,-35.0281115636911],[-54.871204948434496,-35.028370230493195]]],[[[-53.74191524845764,-34.35111304105382],[-53.74166556285638,-34.351728353739766],[-53.74109038698326,-34.351171023924515],[-53.740497256893285,-34.35096585350675],[-53.739859607846384,-34.35127797754811],[-53.73965900397187,-34.35115761437428],[-53.7401673007812,-34.35048428651512],[-53.740122694332584,-34.34998488560716],[-53.73947172450761,-34.34997597106996],[-53.73916850322373,-34.34986897303125],[-53.7389276814961,-34.34945870948444],[-53.73942711846304,-34.34915102395043],[-53.73978827092997,-34.34885223975588],[-53.740497256893285,-34.34837516038732],[-53.74092089713047,-34.34836173392131],[-53.74103684205282,-34.34887455324017],[-53.74138020887756,-34.34928923542554],[-53.7415006234928,-34.35035501799175],[-53.74166556285638,-34.3507652595815],[-53.74191524845764,-34.35111304105382]]],[[[-53.491750814140275,-33.93828943985222],[-53.4904665671531,-33.93860157047549],[-53.48984676433435,-33.93805315612611],[-53.48850010890091,-33.938338537933724],[-53.48763056136777,-33.938499013999554],[-53.48697960329909,-33.93919910897959],[-53.48684581611023,-33.939850169821526],[-53.485909394915225,-33.94000618858554],[-53.48510676921408,-33.94034511362869],[-53.48414356366514,-33.94009090572352],[-53.484344237346576,-33.93982339908339],[-53.485276185129074,-33.93963614511132],[-53.485713171071836,-33.93901184469812],[-53.48633747644635,-33.938284999642846],[-53.48696615858319,-33.9376696116659],[-53.48774207932995,-33.936840263462564],[-53.488375227335375,-33.93627837115917],[-53.489418662885505,-33.936229339015114],[-53.49008754153462,-33.936982969617844],[-53.4910507405081,-33.93722823147971],[-53.491715096782265,-33.93776329525107],[-53.491750814140275,-33.93828943985222]]],[[[-53.762360275658025,-34.35146086094353],[-53.762244298560745,-34.35166146958716],[-53.762297858269164,-34.351741813753996],[-53.761941152969726,-34.352102936779495],[-53.76167799177753,-34.35204495961616],[-53.76150415191169,-34.35195137365135],[-53.761169718227315,-34.352134217882295],[-53.760670305484894,-34.35222333149755],[-53.76038041083074,-34.35210292522969],[-53.760170813206386,-34.35218322194137],[-53.75999697674755,-34.35215198470553],[-53.75969814451531,-34.352321430874106],[-53.75937712880178,-34.35212973735392],[-53.75948416148359,-34.35193352068486],[-53.75918541402256,-34.3518755297163],[-53.759332511200384,-34.35163027498842],[-53.75909617906814,-34.351563415275024],[-53.758926732273665,-34.351246804306065],[-53.759118529186146,-34.35102829535339],[-53.75916753391208,-34.35088565497266],[-53.759363718685094,-34.35059134698148],[-53.759733822208304,-34.35040846708794],[-53.760019244348186,-34.35033270947081],[-53.76023769895809,-34.35034605268312],[-53.760500855221686,-34.350497668790915],[-53.76043835656228,-34.350698351141624],[-53.76048297480533,-34.35092132623081],[-53.760625687133164,-34.35103726467159],[-53.76077725718666,-34.35105949780116],[-53.76084861359053,-34.35093464490785],[-53.76103147502521,-34.35083211017746],[-53.76142832474091,-34.35087669428611],[-53.761597777047754,-34.350988216260056],[-53.76221308990704,-34.35128693440032],[-53.762360275658025,-34.35146086094353]]],[[[-54.97762133539382,-34.94919443193991],[-54.97740736312722,-34.94940846210734],[-54.97736273661541,-34.94990784663259],[-54.97743408862019,-34.95035823704387],[-54.97712195556163,-34.95047865713525],[-54.977001523271994,-34.95074170370107],[-54.977050603821425,-34.95104937699923],[-54.97693017163388,-34.9512144103247],[-54.97702833267816,-34.95152656320467],[-54.976671574978766,-34.951642484378596],[-54.976622494650336,-34.95190551793629],[-54.97660022362033,-34.95226230943679],[-54.97645752108491,-34.95245405774244],[-54.97645752108491,-34.95264128679348],[-54.976359444747665,-34.95278398012916],[-54.97581544671025,-34.95288207091057],[-54.975315993551476,-34.95311845170509],[-54.97438852958784,-34.9538586516798],[-54.9733629189611,-34.95500019034422],[-54.9724577464493,-34.9561417372845],[-54.97227042712597,-34.956997840335966],[-54.9726271661695,-34.957546331013866],[-54.97350561624961,-34.95778266175719],[-54.97453122861539,-34.95895097971507],[-54.97467392788489,-34.95968668093292],[-54.97467392788489,-34.960493792322836],[-54.97412540262788,-34.96113586310048],[-54.972555818239805,-34.96116268302451],[-54.97198503698008,-34.96059189789319],[-54.97150796026696,-34.96063646433951],[-54.97010330145267,-34.96032878840641],[-54.96917581090753,-34.95856747874713],[-54.96953253683019,-34.95747496612925],[-54.96941219943585,-34.956663400219256],[-54.968939507077394,-34.95628440048197],[-54.968939507077394,-34.955949932225174],[-54.96941219943585,-34.95592770170862],[-54.96996060993403,-34.95549961758764],[-54.970031955663096,-34.95471479451755],[-54.96984027192738,-34.95380963325535],[-54.969438922389834,-34.953666887409035],[-54.96962623540934,-34.95178516414916],[-54.969247155971054,-34.95133476234927],[-54.969104465904515,-34.9509290088066],[-54.969247155971054,-34.95007287677368],[-54.96955489002434,-34.94969388497804],[-54.970767769797845,-34.94938171085936],[-54.97112450247057,-34.9490249601147],[-54.97162830065889,-34.94883765973815],[-54.971936043421636,-34.948360560836],[-54.97200739082582,-34.94800389226704],[-54.97238639866326,-34.94754905597227],[-54.97319795178485,-34.94795477494923],[-54.97386236052947,-34.94816884969857],[-54.97453122861539,-34.94855234437738],[-54.97647987611865,-34.948409638196146],[-54.97683654896372,-34.948168851435895],[-54.97712195556163,-34.9482178578708],[-54.97759906409954,-34.94845417776783],[-54.97762133539382,-34.94919443193991]]],[[[-54.88743160898999,-35.02642607428106],[-54.88715070498506,-35.026782793552165],[-54.88694107699868,-35.027157312419135],[-54.88664682634675,-35.02742045577421],[-54.88678946012828,-35.02753639860426],[-54.885897646195765,-35.028107115543555],[-54.885621196722205,-35.028842923234485],[-54.88553204133233,-35.02931107065141],[-54.88574158183456,-35.02954742640251],[-54.88564352755979,-35.02983284644147],[-54.88576391270432,-35.030055736475994],[-54.88562564609914,-35.030465981476716],[-54.885358096250336,-35.030626501518505],[-54.884961264399365,-35.03092532189601],[-54.88475164190369,-35.03103227544311],[-54.88476952317736,-35.03130881268739],[-54.88426120958845,-35.03139350447002],[-54.884234429817056,-35.03108578471628],[-54.88378849331752,-35.031009986572926],[-54.88360565332459,-35.03066218553045],[-54.88337823719736,-35.03055515877673],[-54.88301709259259,-35.03033667694627],[-54.88275844954255,-35.030425872092856],[-54.8824329012653,-35.0302653156855],[-54.88201828656167,-35.030274265754414],[-54.88176409577435,-35.02999335555447],[-54.881367197042394,-35.029739157351315],[-54.88092572496958,-35.0297347261631],[-54.88064929194229,-35.029574177380084],[-54.880493237381785,-35.02963659027825],[-54.88033718311272,-35.02941363252428],[-54.88016324884325,-35.029458262192925],[-54.88005621900701,-35.0293467815025],[-54.88005621900701,-35.029239712300466],[-54.88024794941477,-35.02930213582391],[-54.88037285982955,-35.02912383263437],[-54.88021680578534,-35.02891871921148],[-54.88027472790867,-35.02881169848884],[-54.88042188386057,-35.028811676394696],[-54.88058683650494,-35.02862441228581],[-54.8807206456577,-35.02815172667356],[-54.88071174742634,-35.02768355558968],[-54.88044866241021,-35.02745168760409],[-54.880395105319515,-35.02683181362151],[-54.88077865207595,-35.02668022603635],[-54.88111754131858,-35.02631012389231],[-54.881019408523095,-35.026029174157316],[-54.88142520390949,-35.02532913231757],[-54.881683842833,-35.025217655958514],[-54.88194248255706,-35.02503036978582],[-54.882062862370574,-35.02474494954425],[-54.88213866648438,-35.02423661344648],[-54.882633619509114,-35.0240404102153],[-54.882557814946324,-35.023786302804226],[-54.88269154330776,-35.02363463629443],[-54.882731670252674,-35.02307283162469],[-54.88333366068682,-35.022912288449696],[-54.88389107864942,-35.023148586050525],[-54.88414074265925,-35.023438476429234],[-54.88449307743498,-35.02338051418232],[-54.88489435640109,-35.02349639614044],[-54.88542945398631,-35.02308171751546],[-54.885848618952465,-35.02348750624811],[-54.885656875694885,-35.023982475781416],[-54.88600468351351,-35.02416084430764],[-54.88614740015038,-35.02446405865311],[-54.8865041088572,-35.02456218101017],[-54.886731533489595,-35.024945675277834],[-54.88686081908618,-35.02528899215864],[-54.887146171574905,-35.02533801483961],[-54.887123924287906,-35.025632358867874],[-54.8873959292598,-35.025721512863484],[-54.88719528353132,-35.026131750990196],[-54.88743160898999,-35.02642607428106]]],[[[-58.442721906297606,-33.676575875730435],[-58.43459743122595,-33.692865008318655],[-58.431676726107646,-33.70709399811952],[-58.42236164299792,-33.725108741266276],[-58.41800511749524,-33.72946533142593],[-58.42011430362726,-33.7315120551372],[-58.42694119018192,-33.731721628638404],[-58.43004021984892,-33.73331795455713],[-58.42825655840186,-33.739034560256435],[-58.42538495778291,-33.748233697761854],[-58.426767277762416,-33.75684865201354],[-58.42166602285254,-33.76734532412508],[-58.422281439206806,-33.76986027357075],[-58.42648189476234,-33.77353013429176],[-58.42521548910172,-33.779264506366765],[-58.42923316641461,-33.80193904231535],[-58.42940255397719,-33.811646524206466],[-58.433892853046174,-33.8161457237229],[-58.43389738184136,-33.816150231080414],[-58.43377249167099,-33.8168815317926],[-58.43046382285727,-33.8360957911607],[-58.41904851578801,-33.85270147766404],[-58.41745668847289,-33.85777592362476],[-58.417046369851036,-33.859091386719086],[-58.414999675265,-33.91108000040731],[-58.40731218564838,-33.926508546510334],[-58.40001710006451,-33.933487022849825],[-58.38985926500528,-33.9386462043187],[-58.38260429907268,-33.9466770477276],[-58.36246698871947,-33.94939258719618],[-58.35362014386985,-33.955778038715835],[-58.32993338265743,-33.97674476583804],[-58.306246629863274,-33.9977114075097],[-58.28696105283407,-34.02128227903617],[-58.28589530026197,-34.02616938211929],[-58.268964123964516,-34.03341548833859],[-58.25505617657485,-34.046485055254124],[-58.23121784748159,-34.07102800015678],[-58.22238879261851,-34.084579205746614],[-58.21685510204793,-34.09803229897022],[-58.21306037222907,-34.11692995904419],[-58.213439439564084,-34.12620935689064],[-58.214852891392766,-34.13587667494408],[-58.21835335001974,-34.140844142674425],[-58.21788960031259,-34.148032185849004],[-58.22088605718422,-34.15301302212094],[-58.21418853811973,-34.15897925801653],[-58.21108500112251,-34.16173948558905],[-58.20774513369563,-34.16689862385339],[-58.18811169118942,-34.16492329525989],[-58.15139544377158,-34.16743820418824],[-58.10976525635525,-34.17408222183774],[-58.08852213334081,-34.18269276371032],[-58.07620165267135,-34.19303342524483],[-58.07499771255281,-34.19403679035638],[-58.07103351935475,-34.20955441825312],[-58.064014927983195,-34.218401283935236],[-58.062917977162,-34.2228648431897],[-58.06601701947257,-34.230592425242776],[-58.06480416295848,-34.23209964211937],[-58.04417636668435,-34.23751745239399],[-58.038455355323315,-34.24062542801344],[-58.03428611320007,-34.24454053450487],[-58.03355038104089,-34.25173750144675],[-58.0171809669897,-34.25576856383988],[-58.008222616008034,-34.26065124765305],[-57.99289675594587,-34.27203533939797],[-57.98929379007941,-34.27761816628392],[-57.985008537333684,-34.28512282881661],[-57.96147339963847,-34.308332379529205],[-57.95546256382823,-34.324108692737454],[-57.931543921632745,-34.35112198029846],[-57.90194443311941,-34.389884906981116],[-57.900169750577106,-34.39689465374459],[-57.89813637718784,-34.43811456741163],[-57.895077461640994,-34.44494588630049],[-57.89064954142433,-34.4490705620644],[-57.870266980591914,-34.457734584935345],[-57.86104555282001,-34.46164969085707],[-57.85357653600404,-34.46648334772092],[-57.850187677255725,-34.471424084346985],[-57.850058331629775,-34.47480401032297],[-57.85774578591014,-34.48283929671082],[-57.856296640948926,-34.48498864394586],[-57.82267945677683,-34.485840337727545],[-57.81394406344351,-34.483949641230446],[-57.80886961647018,-34.48449810649617],[-57.791300741524246,-34.47796996724184],[-57.78366228335641,-34.47816174771097],[-57.77418224465374,-34.48388278375805],[-57.76653046511555,-34.48365088215421],[-57.75235047956497,-34.47196362237227],[-57.73184756571086,-34.468663872098475],[-57.727825476909885,-34.470242351883435],[-57.723348552740106,-34.47331026573812],[-57.71850597474585,-34.47342174320778],[-57.680081827092636,-34.46020941260565],[-57.675997346334704,-34.46009344680925],[-57.667431363902715,-34.4628313179023],[-57.66332012873291,-34.46187265341533],[-57.65052691294023,-34.45288757710438],[-57.63545517156914,-34.451768325456975],[-57.61393113065081,-34.44045111973334],[-57.60467402944984,-34.43792280838853],[-57.589334710218715,-34.4376954104915],[-57.58810846680306,-34.43767759572527],[-57.5688540275658,-34.440865789029466],[-57.55783113238873,-34.44639511072535],[-57.549024397858695,-34.4575695841979],[-57.543071558891164,-34.462349778811976],[-57.53197726731104,-34.46597944629121],[-57.50322946523513,-34.45163903460313],[-57.466945769083814,-34.44021032759112],[-57.44149769792523,-34.44097732001051],[-57.439031782791474,-34.44356360417749],[-57.43750673158638,-34.451830776346554],[-57.4329852144297,-34.45382839998736],[-57.397691448779376,-34.441293873268314],[-57.37979706815749,-34.439149081195175],[-57.34857887842457,-34.44276540483468],[-57.34304965639269,-34.445200088414055],[-57.33862616544291,-34.45057325103399],[-57.335076785208535,-34.451068227825324],[-57.33397983859796,-34.45130458196009],[-57.32317988570468,-34.45364113923232],[-57.30631107766346,-34.45187977308845],[-57.27913291482407,-34.44590014952828],[-57.265421149253086,-34.44723343534153],[-57.2190554078091,-34.44711748504258],[-57.20586541821202,-34.44906610202145],[-57.18346290062404,-34.44998021117564],[-57.17984652607281,-34.4501273487852],[-57.17976182331664,-34.450131841291935],[-57.17558806232931,-34.45029680732383],[-57.1642129246638,-34.45347615239476],[-57.15243640712892,-34.460459118581916],[-57.14787481506734,-34.46139107264999],[-57.136624463904155,-34.45992405151339],[-57.126471098636195,-34.46138216684775],[-57.11564440225846,-34.46581448207721],[-57.09114608699463,-34.483160432601075],[-57.071548298473544,-34.50294542098691],[-57.064997895540365,-34.51531053477123],[-57.06384299303149,-34.51976512096155],[-57.053453338708195,-34.531563920225494],[-57.0499261414684,-34.542814244167346],[-57.04418727538516,-34.547567641449824],[-57.01116767217683,-34.56230948200216],[-56.99181960303538,-34.57363559183904],[-56.96629568441412,-34.59308613315742],[-56.956976228414526,-34.598218608190415],[-56.95044803729457,-34.60181260125219],[-56.92914246806206,-34.61716973824146],[-56.90888031557803,-34.63356142760424],[-56.898905306541955,-34.64322871940004],[-56.893808613010144,-34.65386818586058],[-56.89293456987074,-34.659794274994546],[-56.88774420245276,-34.6668530358132],[-56.88092620945853,-34.6699209332507],[-56.84890546830946,-34.67658280041387],[-56.84811615939086,-34.67695735328152],[-56.837289454671286,-34.68205412517717],[-56.81542650155831,-34.69718834068712],[-56.7864333904867,-34.70294058387354],[-56.75356539999866,-34.70706080570931],[-56.71796395996298,-34.71458772085848],[-56.70617855549662,-34.71621530508571],[-56.68357088344766,-34.719345639194756],[-56.64999826689822,-34.726609474368594],[-56.63907800322955,-34.72994041197374],[-56.60339182029311,-34.74651048899924],[-56.564833950549875,-34.760788522272875],[-56.553262606799976,-34.770027760101584],[-56.54969532298861,-34.770710021014644],[-56.53634469907754,-34.76815939679381],[-56.52295848767153,-34.763700258095945],[-56.48603272726666,-34.75830474334986],[-56.472231742068075,-34.758706058198044],[-56.449044476692634,-34.76260781416301],[-56.42147832388971,-34.773033177486155],[-56.40003895749173,-34.78113536898771],[-56.40001666916161,-34.78114428984105],[-56.380231574870955,-34.788622187034214],[-56.37080955940325,-34.790642155410445],[-56.360326175087735,-34.790775923273976],[-56.35184945887438,-34.78877380451261],[-56.34770689203515,-34.786080465397575],[-56.343408326860796,-34.7888763426547],[-56.35614354447524,-34.800113291059574],[-56.364397335780964,-34.80380545193003],[-56.395472777702395,-34.81036924214208],[-56.401688820895444,-34.81430218325795],[-56.40701298650106,-34.82541870815758],[-56.42331989510527,-34.83512169422655],[-56.42646354677308,-34.83888069560308],[-56.426303043158185,-34.84394623949745],[-56.423524981389505,-34.845881469883544],[-56.39548174384003,-34.8517363016146],[-56.389836490500706,-34.85376517860628],[-56.384543518272224,-34.85567370597558],[-56.37174145706346,-34.86934527031601],[-56.35139905599456,-34.876988233084155],[-56.33811984045367,-34.87884315440576],[-56.33482902414095,-34.88120649157071],[-56.331333095432974,-34.90024239414265],[-56.32805122057923,-34.903024913763105],[-56.320662472772725,-34.905227706311514],[-56.312341793961686,-34.912714518902575],[-56.302933063322286,-34.901856579943434],[-56.29316770355123,-34.90007298677916],[-56.28812445500749,-34.90456773035498],[-56.283883802207725,-34.90418428576075],[-56.281966406883754,-34.90400590975374],[-56.278702379308946,-34.90784523126398],[-56.26998479199589,-34.90731454658162],[-56.26590919956807,-34.908839561702024],[-56.262899244020986,-34.912464773060776],[-56.25726741374942,-34.91253165691861],[-56.24426028311952,-34.90065269586945],[-56.24381431900379,-34.88947816817024],[-56.241201324184175,-34.88655300454094],[-56.230655544240584,-34.88350745225151],[-56.22957195624643,-34.879931171522045],[-56.225719319996635,-34.879347081953625],[-56.2211531833511,-34.88171929716373],[-56.210910598726336,-34.88183524355682],[-56.20205482347533,-34.88826971038891],[-56.19583889163009,-34.89972965469463],[-56.19871945812074,-34.90371157938858],[-56.21213245975357,-34.90946387548456],[-56.212587220806974,-34.91009700084065],[-56.21501745180168,-34.91344134605647],[-56.214535832330284,-34.915349857481154],[-56.212515887263784,-34.91727175479181],[-56.206384645634046,-34.918390938833205],[-56.172370612728784,-34.92173083231502],[-56.17251773317777,-34.93080065179574],[-56.167157912005166,-34.93254860714473],[-56.15803460289725,-34.938769022877594],[-56.15721862812419,-34.93561201048437],[-56.14864374756004,-34.92810733317544],[-56.14673075627771,-34.92053131325698],[-56.14077341569568,-34.91616588664024],[-56.13360762344653,-34.91687487938731],[-56.1288987992884,-34.910382376232405],[-56.124805382796204,-34.91063657155782],[-56.119610517523206,-34.905838571750394],[-56.114710001458896,-34.90378292706832],[-56.10855645951067,-34.9032612643991],[-56.099067468178454,-34.9024674928521],[-56.0893287996673,-34.90193686003616],[-56.077324901755794,-34.90417090740101],[-56.07294606396703,-34.902311414695724],[-56.06449601427256,-34.90261018467047],[-56.01889727014446,-34.88365007800999],[-56.00266171596713,-34.873915890220935],[-56.00256801139713,-34.873857931683894],[-55.97836849681686,-34.859348019600574],[-55.9724513121986,-34.856396056965245],[-55.936885495879224,-34.838631045358866],[-55.89719055709897,-34.815559621499325],[-55.882533515750765,-34.80956657518556],[-55.8679254616446,-34.807158707144204],[-55.86023802739981,-34.80616876932376],[-55.84637912127885,-34.80080448562208],[-55.81167397092959,-34.78736476835739],[-55.78244450617511,-34.78063150914728],[-55.77349508177595,-34.780702829186275],[-55.7668822761091,-34.78412744961595],[-55.753866137500594,-34.78633469810915],[-55.70257308863998,-34.77193622614677],[-55.68899959788844,-34.76971558206443],[-55.677512986708685,-34.77148143708441],[-55.65232348753107,-34.78473387344277],[-55.621078533830925,-34.77966384181125],[-55.60317978245319,-34.77998941606041],[-55.57665699003233,-34.78816734780136],[-55.569246008404576,-34.78863562011241],[-55.55919071830953,-34.79404893223076],[-55.55854859897964,-34.794396721388104],[-55.548827776823195,-34.79403111300275],[-55.53380954412676,-34.80297602247529],[-55.506399431176135,-34.79764299696316],[-55.50029938532492,-34.80273974696048],[-55.4867570922179,-34.80492022416615],[-55.45913298167365,-34.80506288815708],[-55.42660824641831,-34.799101106329346],[-55.41427880671859,-34.79915900533848],[-55.4053784966795,-34.799203623075115],[-55.396924006940026,-34.796706573667485],[-55.394346632480314,-34.79355394723553],[-55.39940770944409,-34.78466699629294],[-55.41644597127744,-34.77024180389209],[-55.42506540814546,-34.759018261288574],[-55.42914103743312,-34.75667719456232],[-55.44753480862648,-34.75447885649223],[-55.45798695550273,-34.75126384503909],[-55.463832860278316,-34.746167131452104],[-55.46431885336056,-34.742577490711824],[-55.46094332796021,-34.73521110464446],[-55.460885348968695,-34.7353314578229],[-55.455150943389434,-34.747264033921105],[-55.45031285509485,-34.75024269219504],[-55.43883068316094,-34.753252595551764],[-55.42171665934317,-34.755022906893586],[-55.41508594356234,-34.7573772842609],[-55.40518228773541,-34.76818610553629],[-55.39782033767315,-34.77402308788754],[-55.389664600440966,-34.780488782892654],[-55.38764909287698,-34.78577283761857],[-55.39001683559953,-34.79589501410085],[-55.38441620386156,-34.800559200475575],[-55.38088460175299,-34.809018147812985],[-55.371930801934155,-34.809053784354894],[-55.34970662717397,-34.81399897326465],[-55.34254527711544,-34.81403013080422],[-55.32900748345998,-34.8178828066167],[-55.32238570061594,-34.823184688430885],[-55.31372608183694,-34.832076147605115],[-55.3061144038793,-34.843923959717884],[-55.30100874499922,-34.84668861463026],[-55.29948821649494,-34.84964501639927],[-55.30208344005914,-34.85617760869199],[-55.30055842146025,-34.85913840786312],[-55.29282187903533,-34.8620725363029],[-55.280889303667536,-34.8665940366493],[-55.275021128402024,-34.871044207763475],[-55.275560631643366,-34.87652888796096],[-55.27968532440975,-34.883057008919515],[-55.27714365502449,-34.88728869544797],[-55.27717486035946,-34.89319256085159],[-55.27385729048851,-34.89552467280594],[-55.26233943228269,-34.896831170446326],[-55.25877216961607,-34.90085333339568],[-55.25957035340344,-34.90781395586936],[-55.25701974960923,-34.909298891911185],[-55.240614688478196,-34.90681957064434],[-55.232686447929666,-34.90895554541105],[-55.22601112157116,-34.90454546185776],[-55.205485932654966,-34.895952751662286],[-55.193147564420904,-34.892028786082065],[-55.18574546429835,-34.889674373486926],[-55.17857524834701,-34.88884944352642],[-55.14861008716339,-34.88765883984956],[-55.1273490271411,-34.88454635084549],[-55.10891513145756,-34.88458202337364],[-55.10379166639417,-34.88332903059363],[-55.05412615867356,-34.88847930194015],[-55.04619791059738,-34.89081591851457],[-55.04315230821165,-34.893063233782584],[-55.03903658754223,-34.89610436520256],[-55.037502631836674,-34.89927033149834],[-55.04392820727832,-34.909807193502026],[-55.04164065017317,-34.92120910857378],[-55.036517210964014,-34.921637186150484],[-55.030876387390784,-34.91805648037363],[-55.00884399917216,-34.91407898478544],[-55.002440763424694,-34.91514026604196],[-55.00000158338865,-34.91693279223321],[-54.99553356518078,-34.92063390244036],[-54.96890379265157,-34.93163449204701],[-54.956355942746406,-34.939451304979826],[-54.94969851991547,-34.947687236925056],[-54.944253953876455,-34.950795226196284],[-54.94304103662259,-34.95148643645559],[-54.94110131273027,-34.954438302443826],[-54.941083503433134,-34.95453646824514],[-54.94115482465051,-34.95540597362484],[-54.94129755127336,-34.95603024450279],[-54.941440194132404,-34.956302221881316],[-54.94158737359086,-34.9564359993442],[-54.942287487630125,-34.956708046564245],[-54.94285378284676,-34.956748159025544],[-54.94378123497684,-34.95710485038995],[-54.944231607410394,-34.957171731822896],[-54.944588311484914,-34.957350102607],[-54.94501642558261,-34.957813894219356],[-54.945658516811086,-34.95869232978645],[-54.946327412567705,-34.95942808263776],[-54.946372022609864,-34.96011925048168],[-54.946483505813184,-34.9603466210773],[-54.94665740982448,-34.9608460351539],[-54.946528031926704,-34.961011027639266],[-54.94641209605776,-34.96090401627285],[-54.94628725514889,-34.9610422245466],[-54.9460018691922,-34.96101102617522],[-54.94585921858298,-34.96109131267073],[-54.94602866871531,-34.96159073197015],[-54.94624264515176,-34.961590724302425],[-54.946492411034,-34.96165315733229],[-54.94661279963072,-34.96174679511916],[-54.94642999049667,-34.96180476877948],[-54.946505768867,-34.96184044231037],[-54.9467019360302,-34.96183153857779],[-54.94683576682462,-34.96201879507638],[-54.94682232492729,-34.96225956444902],[-54.94667967292439,-34.96252716283412],[-54.94663061010072,-34.96274120597143],[-54.946528031926704,-34.962981988649425],[-54.946621704865244,-34.96324505352495],[-54.94703638739802,-34.9633654427229],[-54.94731287156155,-34.96374448316937],[-54.94743326133441,-34.963722204587455],[-54.94778997900889,-34.96415470142744],[-54.94789701140926,-34.964119013997575],[-54.94966281366341,-34.96460953088817],[-54.949475545121715,-34.96365084171475],[-54.950077511211155,-34.963552720134984],[-54.95067502878186,-34.963869326832395],[-54.95172733208081,-34.963753349520566],[-54.95200383168521,-34.96239778977097],[-54.95098269485789,-34.95978924560027],[-54.95111199560134,-34.95964658259566],[-54.951290362060725,-34.959789218661754],[-54.95224462485016,-34.96229525428394],[-54.952275879282254,-34.96257623112776],[-54.95211977527234,-34.96339665192834],[-54.952137586910055,-34.96370878525342],[-54.952351662926624,-34.96398080071151],[-54.95265488220539,-34.964168107093585],[-54.95304724571145,-34.96426169601999],[-54.95349766783256,-34.96411901366037],[-54.95374737126868,-34.964101221204],[-54.95398816943044,-34.964230527359845],[-54.9541754480312,-34.9644178107107],[-54.95422443124239,-34.96464518767428],[-54.9541575519423,-34.96481018103776],[-54.954059501607354,-34.96485031471638],[-54.95443851257596,-34.965380956594444],[-54.95478181682638,-34.96571539662346],[-54.95487104591407,-34.965844686397496],[-54.95487104591406,-34.966000771936244],[-54.954902217303186,-34.96619252395614],[-54.955036061162,-34.966299518567695],[-54.955036061162,-34.96648683524996],[-54.95517872735546,-34.966629517950686],[-54.95492456660816,-34.96683020467272],[-54.95490221730318,-34.96703526150277],[-54.95497363427602,-34.967570376298525],[-54.954866592859425,-34.969019588452795],[-54.95469267185317,-34.96970629498299],[-54.954639151306765,-34.97016110781388],[-54.95435382099417,-34.97060703513262],[-54.954117474799276,-34.97111088142377],[-54.954331471840995,-34.97136949585716],[-54.95432256578913,-34.97161927984338],[-54.95447422085774,-34.97179762843271],[-54.9543671800773,-34.972096368622495],[-54.954193260104695,-34.972426379093164],[-54.954023793501804,-34.972555638584254],[-54.95373846527872,-34.97250660183326],[-54.95374737126868,-34.972725113899706],[-54.95358681153801,-34.972827626521095],[-54.95335492047481,-34.973126423171976],[-54.95330140078047,-34.97328250703962],[-54.953136472957205,-34.97325570915715],[-54.95291794198959,-34.97333151555024],[-54.95293130084442,-34.97341181084994],[-54.95292684789258,-34.97342518302991],[-54.95290458313688,-34.9735099099924],[-54.95270840148791,-34.9735054456544],[-54.9527262132504,-34.97369720952433],[-54.952668241018394,-34.97375961465595],[-54.952637070458,-34.97388444770873],[-54.95252557908735,-34.97378193639603],[-54.95245870113946,-34.973826494142735],[-54.952445258342294,-34.97393354300893],[-54.95233830416395,-34.973813110064384],[-54.9522312661045,-34.97383985898415],[-54.952173294214,-34.973768564144486],[-54.95203953893231,-34.973790866136575],[-54.95200383168521,-34.97393354596304],[-54.951941407052026,-34.97388448220859],[-54.951941407052026,-34.97377300483669],[-54.95159357750912,-34.97379970847924],[-54.95125473914832,-34.97364370079148],[-54.951054024483184,-34.973322649282494],[-54.95114324961207,-34.97305511816765],[-54.951054024483184,-34.972684938276366],[-54.951156608184725,-34.97235942246042],[-54.95093808236687,-34.971998244370106],[-54.95052783339522,-34.971637093420405],[-54.95019790494669,-34.971391809392486],[-54.94988133616385,-34.9711376372511],[-54.94985453541137,-34.97106184571142],[-54.94972968938556,-34.97070960326524],[-54.94945765003392,-34.97016556294934],[-54.94914553679204,-34.96987129147091],[-54.94879771882558,-34.969590356172034],[-54.94840982787917,-34.96908204153055],[-54.948391933018435,-34.96874310707532],[-54.94795052766058,-34.968306120031436],[-54.94780778972852,-34.96813225172129],[-54.94768294674492,-34.96797616583876],[-54.947330682180024,-34.96775319221431],[-54.94690264029584,-34.96762832033417],[-54.9464388957118,-34.967574812422946],[-54.94602866871531,-34.967574816776285],[-54.94598851143935,-34.96757487337811],[-54.94582351396312,-34.967472294695455],[-54.945243841082245,-34.96720472218939],[-54.94478901069888,-34.96705757607716],[-54.944329730283094,-34.96691486746757],[-54.94420489247005,-34.96696837584619],[-54.94400419465226,-34.966906004118684],[-54.94371436399141,-34.966660698878485],[-54.94349585753727,-34.966647311044056],[-54.94344679657385,-34.96647344876178],[-54.94331305518899,-34.966366400859286],[-54.943397735639074,-34.96629951242593],[-54.94325063701507,-34.9661390413482],[-54.94312134837446,-34.96613010046752],[-54.94280026984355,-34.966205905194016],[-54.94272894722825,-34.966103332236315],[-54.94252380053827,-34.96593834846592],[-54.942323106739,-34.96586253828359],[-54.942358809870385,-34.965728791152934],[-54.94223397498787,-34.96559950200527],[-54.942184914761846,-34.9652605612104],[-54.94179251799255,-34.964823606685485],[-54.94135996799516,-34.9646006589226],[-54.941012182276374,-34.96445791428084],[-54.94071337333016,-34.96509556665895],[-54.94054838622049,-34.965153556038096],[-54.94056627940968,-34.96529625362207],[-54.940374494862226,-34.96529624213128],[-54.940258567490176,-34.96540325168563],[-54.9400802244616,-34.965452333949166],[-54.94003116549429,-34.96556823985312],[-54.9399107863347,-34.96552369283965],[-54.939776966578336,-34.96566186422867],[-54.9396833012763,-34.96555930900029],[-54.93959417232809,-34.96561283978186],[-54.939487150511574,-34.965559332075095],[-54.93937122436507,-34.965577158020395],[-54.939183894771084,-34.96547902047194],[-54.93916608588078,-34.96538094276958],[-54.939264202832824,-34.96508667591057],[-54.93944254412756,-34.96472996133396],[-54.93962533804758,-34.96456496246511],[-54.93968783753067,-34.96439102791091],[-54.94012928345759,-34.96416812121307],[-54.94020950841863,-34.96391837330733],[-54.9403878517219,-34.963699853474175],[-54.94024966293055,-34.9634724733822],[-54.940147092552266,-34.96321386378575],[-54.939964297495976,-34.962830401394115],[-54.93975025305553,-34.96237107959503],[-54.93942028294666,-34.96200991196331],[-54.93910367079032,-34.96172453777987],[-54.93895649568676,-34.96147034622157],[-54.93871128842474,-34.96144357425461],[-54.93847045006072,-34.96130535770652],[-54.93825195725616,-34.96124294427543],[-54.93802010853544,-34.96104670723843],[-54.93796214645535,-34.96082376332034],[-54.937859578872555,-34.96085500153926],[-54.93769014522865,-34.96071226236509],[-54.93779716475372,-34.96053394829945],[-54.93771240595064,-34.96031538712067],[-54.93803791718259,-34.960275307493575],[-54.93790863657055,-34.96001667494829],[-54.93788629179359,-34.959682246544205],[-54.93754297260386,-34.95935668730688],[-54.93703467461601,-34.95910255752826],[-54.93641927780102,-34.95845150930656],[-54.93519748573333,-34.9577469924773],[-54.93453749861533,-34.95699780872419],[-54.93372598281624,-34.956632201986054],[-54.933159665189635,-34.956172953067934],[-54.93222325872899,-34.95583401679429],[-54.93107284041511,-34.955214184322784],[-54.93064026167593,-34.95517406056692],[-54.93012301802677,-34.955321234450345],[-54.929984762145054,-34.95492881043197],[-54.92956562814909,-34.95473711323322],[-54.929235698092164,-34.954193053098344],[-54.92887443960758,-34.95392105917938],[-54.9288566329055,-34.953573286431116],[-54.92846421446847,-34.95326111789129],[-54.928076333494275,-34.95286871474593],[-54.92724245426956,-34.952048279852725],[-54.92655573642853,-34.95137934723184],[-54.92539640888248,-34.95065699586853],[-54.92446890799372,-34.94986333328567],[-54.923701919628186,-34.949417387339906],[-54.923340768973254,-34.94910524703538],[-54.92234190155533,-34.94836061019418],[-54.92158828651714,-34.94782544275821],[-54.920861469739535,-34.94746426332744],[-54.91971549052433,-34.94681771932282],[-54.91889504789959,-34.946291578984805],[-54.91786054074432,-34.945725258984275],[-54.91666992431208,-34.94515447650962],[-54.915675503394645,-34.944623872210116],[-54.91492639924073,-34.94427154337618],[-54.914043523090236,-34.94372758082275],[-54.91361993395512,-34.94351353272388],[-54.91242484300776,-34.94296056838622],[-54.91166233165964,-34.942648459718924],[-54.9111673748151,-34.942211452399064],[-54.91024431414719,-34.94175660362942],[-54.90898687869433,-34.94087819975093],[-54.90827343900636,-34.940343124066814],[-54.907626847553516,-34.93996852231587],[-54.907247880104734,-34.93970995773872],[-54.9065432722418,-34.939232785889516],[-54.905120807032816,-34.93834544910131],[-54.90396152416122,-34.93760966526028],[-54.90296708620516,-34.936940804069536],[-54.90175426239022,-34.936271939109936],[-54.90085792265862,-34.935808179761395],[-54.89961834471152,-34.93522850557252],[-54.89869079338321,-34.934559673241786],[-54.89754041563856,-34.93385961124598],[-54.89651028640528,-34.9332664723853],[-54.89570770286301,-34.93270470443641],[-54.89447248314832,-34.93203131871967],[-54.89346925837421,-34.93145610942282],[-54.89248821038465,-34.93096565335082],[-54.89141801223655,-34.93040375891075],[-54.8904637700685,-34.929815155953655],[-54.88891203738326,-34.928994719982974],[-54.88744940688462,-34.92826782508007],[-54.886504108857196,-34.92775064895378],[-54.88559886589057,-34.92731357176448],[-54.884867576426835,-34.926934571637865],[-54.883980232288906,-34.92653771709968],[-54.88279412729316,-34.92609627020684],[-54.88171952012481,-34.925703871628365],[-54.88070284919592,-34.925338265392405],[-54.879922494863095,-34.92500829192534],[-54.878990545096855,-34.92464708773315],[-54.87804517486225,-34.92442857384314],[-54.87714892137833,-34.924272479763516],[-54.876457745854694,-34.92437506830672],[-54.87628826854197,-34.9247184147735],[-54.87600295312954,-34.92503502610359],[-54.87570412426329,-34.925231198177066],[-54.875619428298734,-34.925008269259024],[-54.87563730761809,-34.92473180491938],[-54.8755926512971,-34.92437954569722],[-54.87540982923938,-34.92395589988188],[-54.87482569110434,-34.92354118311716],[-54.87413453480578,-34.92322909892879],[-54.873626201980265,-34.92276086025972],[-54.87304207632068,-34.92254235733409],[-54.87253819882514,-34.922261468952804],[-54.87160624751187,-34.92208755177577],[-54.87076344613507,-34.92182893735426],[-54.870192686166185,-34.92124033489269],[-54.86887726716798,-34.921039629870016],[-54.86828864234459,-34.92086574971038],[-54.86804339022092,-34.92059820543934],[-54.86752619765273,-34.92047781005986],[-54.86676812436616,-34.9204555379003],[-54.86629097481513,-34.92033064338597],[-54.866233062390336,-34.919875829042304],[-54.866233062390336,-34.9193897948631],[-54.86442260596709,-34.91846677543163],[-54.861568810160314,-34.91700419393554],[-54.86058780105473,-34.91678568958083],[-54.859009264207174,-34.91675001522029],[-54.85823339269825,-34.91695069994405],[-54.857912304015315,-34.91729845119278],[-54.857693853639326,-34.91757048951791],[-54.85786329320119,-34.91773992661268],[-54.857667082387884,-34.917842518754675],[-54.85767597816327,-34.91795839770598],[-54.85741296573313,-34.918007472112656],[-54.857221203842755,-34.917909348128845],[-54.85693133790973,-34.91799856256483],[-54.85681544217152,-34.91813676587891],[-54.856610254239264,-34.91803870743034],[-54.85660580640828,-34.917878163806314],[-54.85635614080446,-34.917695357860254],[-54.85599494523354,-34.9177087391569],[-54.855887946381245,-34.91776226058144],[-54.85590573755344,-34.917882627483564],[-54.855722958616106,-34.91794056251611],[-54.8557363019685,-34.91813231553831],[-54.855548991707614,-34.918132283455144],[-54.855553523402506,-34.91799412172217],[-54.855428650122185,-34.91790495563172],[-54.85526366326571,-34.91783361164434],[-54.85511646773947,-34.91781125421356],[-54.85506301081961,-34.917695342632925],[-54.854848931724206,-34.91769089330287],[-54.85441641138706,-34.91788708604416],[-54.85419788624906,-34.917980741559475],[-54.85422465638687,-34.91815013436474],[-54.85405522421756,-34.91827499463736],[-54.853899135450945,-34.91830623760838],[-54.853850126995255,-34.918440034274774],[-54.85366726864511,-34.91844449395029],[-54.853618260325696,-34.91864516547985],[-54.85337296740644,-34.91866745025088],[-54.85324364973985,-34.91886808187529],[-54.85306087663751,-34.918778898075345],[-54.85291813263375,-34.91887699360025],[-54.852735360244964,-34.918872547061305],[-54.85252128712551,-34.91899290842738],[-54.852302766954246,-34.919041972021084],[-54.8522091156276,-34.91887698001684],[-54.85197280593767,-34.91896172060921],[-54.851513531243874,-34.9188279576766],[-54.851018594894164,-34.91860948053397],[-54.8505949894467,-34.91834194259111],[-54.85033636293186,-34.918092240030674],[-54.850140169829295,-34.91806548979399],[-54.84983245471697,-34.91815460057723],[-54.849564935656886,-34.918123394005136],[-54.84951139838222,-34.91799409679805],[-54.849319654663375,-34.91792275620663],[-54.849364213011214,-34.917829126016045],[-54.849368744369954,-34.91770425705103],[-54.84927064889966,-34.917601716073584],[-54.84947573485626,-34.917316301385625],[-54.8493865341511,-34.917039844574354],[-54.8493865341511,-34.916879301545286],[-54.849217111814,-34.91651816711751],[-54.84891837886388,-34.9162773500117],[-54.84851702108302,-34.916000844122244],[-54.84810677047941,-34.91580916151335],[-54.84720605553846,-34.91525623091466],[-54.84653274936767,-34.914872712879585],[-54.84568105506254,-34.91486380547713],[-54.84488281981969,-34.91475231748153],[-54.84437894457725,-34.914382197079185],[-54.84378143052445,-34.91333880834587],[-54.84342028943631,-34.912973124694794],[-54.842532882482374,-34.912589672191494],[-54.84162769685214,-34.91201890417267],[-54.84092766988196,-34.91143475319119],[-54.840410393753665,-34.91122072641349],[-54.83924210828148,-34.91076587465655],[-54.83872928949766,-34.910560767456595],[-54.83677621048462,-34.909722436577695],[-54.83418546035711,-34.908754867778455],[-54.83307515156573,-34.90844266899258],[-54.83196041106666,-34.90823756522201],[-54.82983785622206,-34.90765792444973],[-54.828687420557934,-34.90745728482156],[-54.82809882781452,-34.90761780237148],[-54.827380877820744,-34.907947729369766],[-54.82692157092529,-34.90818405392079],[-54.82672987920825,-34.908250999994266],[-54.82649355790493,-34.90817520431155],[-54.826234922331196,-34.90817963645116],[-54.825829143779316,-34.908366932625746],[-54.825494673676026,-34.90874593887193],[-54.82508000643809,-34.90900010636766],[-54.824647472876805,-34.90909816675982],[-54.82425059427356,-34.90887965968284],[-54.823684263277954,-34.90847387776101],[-54.82326515901246,-34.90830447623864],[-54.82227075954184,-34.90795223415614],[-54.81970227082071,-34.90717182737596],[-54.81939911402296,-34.9071451228696],[-54.81911374164424,-34.90725212760601],[-54.81864995070509,-34.90738143710517],[-54.81836458089717,-34.907372494210954],[-54.81788745684494,-34.90725656911134],[-54.81761098115046,-34.90713617213426],[-54.81738802296204,-34.90702026917364],[-54.817147282474245,-34.906819588007615],[-54.81674146437261,-34.90661447781778],[-54.81633564825167,-34.90648516154648],[-54.81520754352565,-34.905811849017795],[-54.81453424450468,-34.90582074579135],[-54.812607902965006,-34.90506270475036],[-54.811814178688415,-34.905209886273056],[-54.81067707681474,-34.90485310203778],[-54.80980754868807,-34.904986909499804],[-54.80892016464889,-34.904759451911296],[-54.80773412106249,-34.90503593389173],[-54.80709644406457,-34.90462571518928],[-54.80620464383959,-34.90438495905134],[-54.80542423214186,-34.90398807879467],[-54.80459484831532,-34.90364915071441],[-54.80384128954489,-34.90314085598265],[-54.80327048485857,-34.902650316811695],[-54.80290037806846,-34.90232922564374],[-54.80207101944164,-34.90178970431455],[-54.80076003076722,-34.90075076675757],[-54.80062182129403,-34.900666052613985],[-54.799926164847285,-34.900233499962184],[-54.79923059809174,-34.89968946419406],[-54.79818264644897,-34.89898493701686],[-54.79738897612584,-34.8983785256346],[-54.79567217845055,-34.89741085985622],[-54.79494092332175,-34.896791073078184],[-54.79341143012571,-34.89585910922217],[-54.791039215858426,-34.89465961126185],[-54.78975942733568,-34.89390155965281],[-54.78377976764754,-34.8906062898507],[-54.7826561297632,-34.89019158093457],[-54.782339525046396,-34.889999867151516],[-54.78049785870433,-34.88895192989537],[-54.77673441309047,-34.88711928857864],[-54.76316539406566,-34.88029686462344],[-54.762447418667385,-34.87985541641578],[-54.75770298585616,-34.87748320454919],[-54.75298966952161,-34.8748210549585],[-54.75116147930155,-34.87396494048198],[-54.7493109514057,-34.872966129974685],[-54.74726417948811,-34.871891450010516],[-54.74569458338371,-34.871169083950456],[-54.74400902723401,-34.87033076492693],[-54.74237705744177,-34.86949247778891],[-54.74081635356299,-34.868801319743774],[-54.73937157851259,-34.868119066878236],[-54.738301422090046,-34.86756169523826],[-54.73774405793267,-34.86737441658253],[-54.73622349779159,-34.86666093452223],[-54.73477871922786,-34.8660500410617],[-54.73296836128572,-34.86524740087664],[-54.72953931487969,-34.86371349902683],[-54.72349278535321,-34.86119411045721],[-54.719296764367954,-34.85936140067049],[-54.71697803084191,-34.8583224065693],[-54.7147796675513,-34.85735031177568],[-54.71271506902577,-34.85650306179246],[-54.70966953705124,-34.85519212186947],[-54.70729729350775,-34.8541175063977],[-54.7052639603165,-34.85315431389183],[-54.70317706689559,-34.85230706181726],[-54.700051223384165,-34.85101837322467],[-54.691382794221994,-34.8478524576311],[-54.68360608177418,-34.845386567091],[-54.680328652374925,-34.84461957611041],[-54.67818385586209,-34.84426731923237],[-54.67675248736039,-34.844048867455996],[-54.67552169616866,-34.84387041155802],[-54.67464772669476,-34.843705465682916],[-54.67421078730845,-34.843585123327806],[-54.67373809485986,-34.84341564329501],[-54.67366231359509,-34.84337548389369],[-54.672801677788144,-34.843041074847925],[-54.67216403603173,-34.84289835737348],[-54.6714460983613,-34.84252379625225],[-54.67007714407675,-34.84198870089596],[-54.66847636143636,-34.84148932290812],[-54.665056193398726,-34.84029868008985],[-54.66156031383875,-34.839451498237324],[-54.65929955009654,-34.83907244852364],[-54.65662854163075,-34.83887182037246],[-54.653145996519335,-34.83908137163236],[-54.651335590173446,-34.838983291149255],[-54.64940032617307,-34.83909028744442],[-54.64821866391628,-34.83918391114493],[-54.64697900832824,-34.83937564361249],[-54.646180847121784,-34.83957186169627],[-54.64530241836957,-34.839888509380934],[-54.64477179972461,-34.84026302184607],[-54.644646909385976,-34.84060640415373],[-54.644214398535986,-34.84061976489507],[-54.64394687409611,-34.84067775872798],[-54.64294801786694,-34.841141481960214],[-54.64232374936108,-34.84159189031798],[-54.642091888977596,-34.841930788960525],[-54.64198039533694,-34.842171519834515],[-54.64201605319653,-34.84234541756363],[-54.64167270045999,-34.84241681369863],[-54.64151659346228,-34.84255500676902],[-54.64132934916031,-34.84270666066528],[-54.64129369159915,-34.84312130119035],[-54.64109749158687,-34.84338885919919],[-54.64111975658172,-34.84380801795009],[-54.64114654154595,-34.84400868148023],[-54.6412847353597,-34.844151349351925],[-54.64146754328197,-34.844195949385856],[-54.641645915324,-34.84414688484324],[-54.64178862997756,-34.84426288363136],[-54.64177523738954,-34.84453484456828],[-54.64162365018636,-34.844557125620156],[-54.64160582133989,-34.84473999407006],[-54.64177080109524,-34.84479798458932],[-54.641868901847786,-34.84495400914057],[-54.64189568705658,-34.84509670387436],[-54.64203388213213,-34.84515913093652],[-54.641958046404675,-34.84536421966783],[-54.64207406002939,-34.84549803127856],[-54.641877858151005,-34.84577008068804],[-54.6419982242648,-34.845979605975295],[-54.64198926794845,-34.846113357201965],[-54.641882294451094,-34.846175850503876],[-54.641654871602874,-34.84616242415458],[-54.64127134285394,-34.846198090944974],[-54.64102609297869,-34.84640764630082],[-54.640629258470604,-34.846514694155836],[-54.64037513807683,-34.84662623208175],[-54.640317132445105,-34.846889237176214],[-54.640183376469416,-34.8470988634864],[-54.63997822301557,-34.84724151474215],[-54.63973297700589,-34.84730393496165],[-54.63950999628735,-34.84715237492492],[-54.63925587936058,-34.847138979642104],[-54.6389615868283,-34.847348572074814],[-54.638983851243495,-34.84751357715565],[-54.638707387899835,-34.84754923254565],[-54.63850675795504,-34.84766071203011],[-54.638310564607906,-34.84778553990351],[-54.638234732322175,-34.847946069716826],[-54.637931487580026,-34.84784353245454],[-54.6377264234574,-34.84788812036383],[-54.63678104263233,-34.848124451744496],[-54.63569305210445,-34.84854802935286],[-54.635367553319874,-34.84847671688724],[-54.63491266067987,-34.848539100337916],[-54.635189194929765,-34.84816456274139],[-54.63514458446862,-34.847990650336264],[-54.63497961803981,-34.84793714717175],[-54.635024144714436,-34.84766517688202],[-54.634899352911106,-34.84739761823112],[-54.63427949784781,-34.84687591247214],[-54.633735475525505,-34.84662619044343],[-54.63319597633771,-34.84651469203365],[-54.63272770463334,-34.84675992316067],[-54.63254048039465,-34.8466262228887],[-54.63211682122358,-34.846670746198356],[-54.63151037810448,-34.846808989948755],[-54.63158176842916,-34.84667081400391],[-54.6322729103316,-34.84642109086173],[-54.632188212076336,-34.84628729864353],[-54.63261178792197,-34.84602866751194],[-54.632616223720895,-34.84568974170325],[-54.6324646534442,-34.845560460274875],[-54.63201873213457,-34.84550252139838],[-54.63131420149488,-34.845520294006626],[-54.631287419741575,-34.84518587518509],[-54.631019937460636,-34.84492280662388],[-54.63147916054944,-34.844766747485586],[-54.631867162962415,-34.844517068434776],[-54.63245569816881,-34.84377683640727],[-54.63275448685711,-34.842947451957365],[-54.63278570489773,-34.84195754028447],[-54.63269657030921,-34.841083538634486],[-54.632197083628604,-34.83993755417673],[-54.631938469904135,-34.83925079865165],[-54.63097089355763,-34.8375430161893],[-54.63014150366857,-34.836651159474556],[-54.62954838205949,-34.835612184792794],[-54.628339973874695,-34.834301222751385],[-54.6274392238257,-34.83325777892188],[-54.62591869182736,-34.83193788700822],[-54.62412169019139,-34.83024789939979],[-54.622569921903946,-34.829048396988206],[-54.620679269669324,-34.82777757700407],[-54.61906949230545,-34.826604807662704],[-54.617736221943325,-34.825730800172664],[-54.61707181238008,-34.82521805102007],[-54.61614884431216,-34.82494157720694],[-54.613999532157315,-34.823742050251106],[-54.612826747448175,-34.82306427495024],[-54.61236746155311,-34.82280122764025],[-54.610311877061875,-34.8216195611536],[-54.608202712099164,-34.82084812943103],[-54.60578135600026,-34.819653043272986],[-54.60180836207224,-34.817949689286735],[-54.5995297525995,-34.81688401043873],[-54.59556116147615,-34.81502899483391],[-54.59078100418545,-34.81279941870918],[-54.589835663355935,-34.812473940542134],[-54.589028522760564,-34.81194775295141],[-54.58695060529694,-34.81126105185679],[-54.58111814714947,-34.80833143942694],[-54.57619079780332,-34.806168770688586],[-54.57545948245511,-34.806061764757374],[-54.57496009418534,-34.805758561833834],[-54.57311846430305,-34.80482210882757],[-54.56613110300755,-34.80180331871638],[-54.56529718567024,-34.801464392247155],[-54.56440984075311,-34.80088022673033],[-54.563174715513476,-34.80046109255505],[-54.56223379176184,-34.79981899965914],[-54.560820252345295,-34.79939984016911],[-54.560004283989784,-34.79890934867731],[-54.55918380836267,-34.79854816063032],[-54.55303025349713,-34.79556056794361],[-54.551411607846504,-34.79477133299677],[-54.54862907400808,-34.793513816783374],[-54.543563567988365,-34.79122188743384],[-54.5419404287294,-34.79025868181173],[-54.54014786513974,-34.7895452043487],[-54.538382092319054,-34.788970039197785],[-54.533610885170184,-34.786615605759145],[-54.532692287487144,-34.786129574903754],[-54.53195651402098,-34.785804033040804],[-54.53024424897109,-34.7849613089939],[-54.52650746681399,-34.78335150112119],[-54.523292492044796,-34.781906795948785],[-54.52207963771704,-34.78155901584766],[-54.52056800406803,-34.780778625425285],[-54.51869517526168,-34.77993590930721],[-54.515225942428046,-34.778321684103204],[-54.51306332552412,-34.77727826352646],[-54.51166317522373,-34.77659152916847],[-54.51010694241171,-34.7759137573418],[-54.508425806566734,-34.774972903866924],[-54.50562109391792,-34.774116781398526],[-54.503244396587846,-34.772952892299266],[-54.50156331923069,-34.77209680529655],[-54.49823235197857,-34.77048255719574],[-54.49482114334045,-34.768935308500346],[-54.49264954499644,-34.767954285473266],[-54.491035359270825,-34.76704017067633],[-54.489113500833426,-34.76617505854365],[-54.48717372571602,-34.76537690612441],[-54.48396323165923,-34.763981238756706],[-54.48250059380182,-34.76326775485253],[-54.48112277431396,-34.762616742150996],[-54.47960221274372,-34.7618631340805],[-54.47790333094379,-34.760998050572034],[-54.476012607675926,-34.76007505364318],[-54.472864535203406,-34.758527767690495],[-54.469279404954804,-34.75676195810087],[-54.46230088006256,-34.75413552146178],[-54.45905019801325,-34.75230726103132],[-54.45808258533244,-34.751812345179104],[-54.4560492667479,-34.75087591200613],[-54.448852262356915,-34.74802657627112],[-54.44623473651631,-34.74686271776134],[-54.444165726893004,-34.74612697882957],[-54.44235979147932,-34.74537783043516],[-54.43886384964836,-34.74399999157023],[-54.4259904791185,-34.73919309598548],[-54.419092236419694,-34.736678114887],[-54.4050594075049,-34.73219676068761],[-54.403904491169776,-34.73188455732261],[-54.40192912017002,-34.730903626924174],[-54.40065832848417,-34.73062270536444],[-54.39723370852032,-34.729267089707946],[-54.395780066618386,-34.72863840667434],[-54.39378236365222,-34.728156797285],[-54.39240004796459,-34.727264997952744],[-54.39126292021245,-34.726908190808565],[-54.38933659051381,-34.72620367838993],[-54.38659875326306,-34.72529847378698],[-54.383700306919295,-34.72423275854867],[-54.38167587035926,-34.723595114499275],[-54.3778990552004,-34.72216820664285],[-54.37622684050624,-34.72164645655109],[-54.37425148105142,-34.72081707902996],[-54.37205759326694,-34.71958641533799],[-54.37026503524528,-34.71918505210598],[-54.367973068565185,-34.71804799331177],[-54.360994543450175,-34.714859757127506],[-54.355871043381995,-34.713334726785845],[-54.35088131672675,-34.71013757317171],[-54.350252618486024,-34.71025794124558],[-54.350270466842574,-34.70974068495535],[-54.349641689982846,-34.70984768554328],[-54.3449551681365,-34.70914313699158],[-54.342765749751855,-34.70801053455799],[-54.340812728553075,-34.70723918994013],[-54.33893989434994,-34.706659491617515],[-54.33720086125993,-34.7061333162294],[-54.335524156851825,-34.705263761685224],[-54.33210856484319,-34.703703062642454],[-54.329129869803204,-34.702722047046734],[-54.326356313370745,-34.701540415623754],[-54.31287194724163,-34.69677808339758],[-54.30889446876158,-34.69523081673314],[-54.30496595143245,-34.693451568949996],[-54.297037732680565,-34.69062011229052],[-54.28988086420823,-34.68796244322441],[-54.28616195595231,-34.686803095874765],[-54.28229588830706,-34.68593802496634],[-54.27858591600421,-34.68491690692859],[-54.27561171283213,-34.68405183786422],[-54.27301207352975,-34.68291923425418],[-54.27227183466289,-34.683151099821465],[-54.27155393283731,-34.6832179577029],[-54.26694321731816,-34.680961649010825],[-54.260664797434195,-34.67877222633972],[-54.24796083874936,-34.674237369315684],[-54.22602203761596,-34.66730787331384],[-54.2165553507569,-34.664685931530194],[-54.20088610210908,-34.661528878128976],[-54.19934328880244,-34.66119002296289],[-54.1984335816101,-34.66102057015492],[-54.19763093683102,-34.660918010412935],[-54.19696207238152,-34.66083326360888],[-54.19621746264551,-34.66091800972793],[-54.19546386976476,-34.660984914737995],[-54.194161809985495,-34.66068610833119],[-54.1932966953894,-34.6607173441033],[-54.192333535024325,-34.66061924301545],[-54.19103152660813,-34.66059696243656],[-54.18947525420973,-34.660596930229396],[-54.18828915492285,-34.66053898204754],[-54.187080683651345,-34.660632574706455],[-54.185908020508066,-34.66079315719804],[-54.184766419755405,-34.66099829075947],[-54.18404406363887,-34.661390652191194],[-54.18331280857831,-34.661787505133695],[-54.182849056871625,-34.66188119892169],[-54.18222026649008,-34.66184996319922],[-54.181323988727556,-34.66180086095323],[-54.18062837963344,-34.66177414561263],[-54.17986586325255,-34.661832103032886],[-54.17902761969786,-34.66181876197356],[-54.17817590275042,-34.66187227520031],[-54.177185961828556,-34.66202833500964],[-54.17649479981367,-34.662313686708835],[-54.17595077923761,-34.662643635088195],[-54.176013195360035,-34.6630717609559],[-54.17588395243035,-34.66346858746058],[-54.17549148130983,-34.66374950170289],[-54.1746933128959,-34.66384761368043],[-54.17452837074356,-34.66383873304778],[-54.174019981577196,-34.663811925601145],[-54.1735027744694,-34.66395020727443],[-54.17318612721432,-34.66415975202268],[-54.17302118819926,-34.66452094486133],[-54.17272243475251,-34.664810806915575],[-54.17224975750552,-34.66494460252427],[-54.17177258935624,-34.664993616519844],[-54.17141142807068,-34.664926699011346],[-54.17094766277906,-34.66468149936801],[-54.17048398341802,-34.66467256066639],[-54.16884747992938,-34.66500700405766],[-54.16835693490034,-34.664935677694274],[-54.16800918649859,-34.66506496585718],[-54.167451743753496,-34.66486429509179],[-54.16683638943506,-34.66490892018875],[-54.16596691316743,-34.66489551760703],[-54.16515977080753,-34.66488659923967],[-54.16445972709071,-34.6650114630622],[-54.16371500652634,-34.66520764382345],[-54.1627741723593,-34.66535926944947],[-54.162484360743754,-34.66563573615817],[-54.16205626025518,-34.665805188806154],[-54.16202056451725,-34.66621093797355],[-54.161574660373304,-34.666630086926396],[-54.1609013573639,-34.66691998257017],[-54.1604152714299,-34.66724103508842],[-54.159840076370585,-34.66750856256327],[-54.15921130217604,-34.66767796579695],[-54.15853801926824,-34.667776085076135],[-54.15781565265066,-34.66783854528372],[-54.15718248484546,-34.66787866025227],[-54.156620625462125,-34.66815514448803],[-54.15625046439637,-34.66844495710013],[-54.15580908557303,-34.66876604625406],[-54.15556822107058,-34.66901571238105],[-54.15542112352431,-34.66933681238297],[-54.15512235327517,-34.66965787618041],[-54.15439103236276,-34.66926990194087],[-54.15407446152702,-34.669140603939795],[-54.15350372203784,-34.66936804251353],[-54.15312916608578,-34.669189627716776],[-54.15277682553263,-34.66892208089048],[-54.15249145995371,-34.669140568665206],[-54.15205451150507,-34.669078180265046],[-54.151853842157955,-34.66875708833333],[-54.15152829632719,-34.668351317381756],[-54.151835954989615,-34.66813278608194],[-54.15196532506573,-34.66780732503028],[-54.15176465594484,-34.66758883283355],[-54.151332120876724,-34.66741488293774],[-54.15087729187978,-34.66709384526063],[-54.15061422936604,-34.66687089511348],[-54.15050274836228,-34.666514218871654],[-54.15055175006771,-34.666197582536],[-54.15047146715363,-34.66581405948902],[-54.1502708850166,-34.66531913916663],[-54.15008353127752,-34.66520318368968],[-54.14995424747298,-34.66492225912937],[-54.14999883954642,-34.66467699582727],[-54.15012812342384,-34.66450312279432],[-54.15034218271505,-34.66433810444725],[-54.15053835571057,-34.664293564910466],[-54.15070341428217,-34.66425344945668],[-54.15095308266513,-34.664266810368375],[-54.15119834247702,-34.66425343382401],[-54.15137222116249,-34.66418648760058],[-54.151510492428244,-34.664083951848006],[-54.151621974852176,-34.66391009085562],[-54.15165317331984,-34.663709388067694],[-54.15164427135582,-34.6634953519203],[-54.151608580313834,-34.66328580430643],[-54.15141681403528,-34.662839857083306],[-54.15111805890672,-34.662447473083624],[-54.15097088643864,-34.6621576258577],[-54.15104676050896,-34.661974817318736],[-54.15132321894883,-34.66166717441167],[-54.15179136188057,-34.66090906044635],[-54.15211241618743,-34.66017335610692],[-54.152143698044945,-34.65914773411761],[-54.151822643611155,-34.65817563909094],[-54.151189440564174,-34.65723031920483],[-54.150480452180375,-34.656543664065715],[-54.14986057092295,-34.65607092627315],[-54.149682203091785,-34.65599069265306],[-54.14913820032962,-34.655736529350115],[-54.1481750775317,-34.65547342075838],[-54.14722527706465,-34.65530843593678],[-54.146293290725104,-34.655299550115444],[-54.14563334488789,-34.6554823492753],[-54.145276628694944,-34.6556473672822],[-54.14499569918782,-34.655888128043586],[-54.14498238896054,-34.65606654374312],[-54.14482183452055,-34.65623147252101],[-54.144795047749334,-34.65646782407583],[-54.1449689955466,-34.65693153886378],[-54.14509386218317,-34.65722143656187],[-54.14524992495886,-34.65767181599488],[-54.14524094052632,-34.65801509680869],[-54.14497789675935,-34.65815339704329],[-54.144705869495674,-34.65819348630148],[-54.144451728662204,-34.6583138889085],[-54.144148507689025,-34.65838074787759],[-54.14369363681583,-34.65795713502737],[-54.14312288904349,-34.65738195014054],[-54.142815264274866,-34.65679782154459],[-54.14238269496483,-34.65654809132052],[-54.142204343999964,-34.65635633513285],[-54.14176287718089,-34.65605759085147],[-54.1414061784502,-34.65584800753982],[-54.14108508442086,-34.65571869297732],[-54.14119214334737,-34.65564735049506],[-54.141250123261635,-34.65550465201226],[-54.141214436910516,-34.65527721605372],[-54.141000402326846,-34.65518807169918],[-54.14079967784355,-34.65508995700374],[-54.140576743664674,-34.654956215557505],[-54.14037161150178,-34.654800080538465],[-54.140224459033206,-34.65466634481858],[-54.140081798761294,-34.654505789411445],[-54.13999262582417,-34.65437649315412],[-54.13991235363004,-34.654233791950944],[-54.139854374697,-34.654086630105816],[-54.13981428025169,-34.65393955270161],[-54.139765202016434,-34.653685358368485],[-54.13977410264327,-34.65342669653957],[-54.13963144318422,-34.65335984152206],[-54.139631443184214,-34.6532573075164],[-54.13973841695853,-34.65309223396739],[-54.13991235363004,-34.652913952609424],[-54.14028243823769,-34.65290945174274],[-54.140286930172095,-34.65300312671341],[-54.14035381011453,-34.65308337237673],[-54.14049206211523,-34.653235003659766],[-54.14089334366002,-34.65330633732012],[-54.141250123261635,-34.65331522064333],[-54.14135709922656,-34.65354261895331],[-54.14134370642675,-34.653832520489715],[-54.14167819436079,-34.65418033610809],[-54.14185205211505,-34.654287325546555],[-54.14201260052433,-34.654519216514736],[-54.142173149259676,-34.65457268373171],[-54.14228461852158,-34.65465298664287],[-54.142766184176416,-34.65447012746524],[-54.14334142148165,-34.65425165141981],[-54.143996856044566,-34.654019793413354],[-54.14516964742649,-34.652606252373076],[-54.14552187090473,-34.652450155054986],[-54.14583399845359,-34.6523386544653],[-54.14620411078174,-34.65218705231789],[-54.14894203080655,-34.65110355318673],[-54.14919177682338,-34.65097867493831],[-54.14927197524523,-34.65092517178795],[-54.15040457865324,-34.650180458079355],[-54.15144801242203,-34.64921733400693],[-54.152304184152136,-34.64826752512433],[-54.15307117746185,-34.646934248855665],[-54.15357502264986,-34.64576151524841],[-54.15377120366194,-34.64531112948957],[-54.154123548643284,-34.64370587721649],[-54.15434202827931,-34.642345879008964],[-54.15453821119312,-34.64036597965467],[-54.154489123819594,-34.6393716414249],[-54.15444902195402,-34.63864921518425],[-54.154190357089426,-34.63668277495777],[-54.15379350077127,-34.6340385319912],[-54.1529863993349,-34.63165287924672],[-54.152366581637835,-34.62991385036845],[-54.15154618342597,-34.62829075323396],[-54.150003332032824,-34.625209552218465],[-54.14946373632421,-34.624210713394774],[-54.14845601833347,-34.6223512264383],[-54.146810569656154,-34.61933686562127],[-54.144429434186165,-34.61582314266713],[-54.143577756633064,-34.61468161206319],[-54.14272600506766,-34.613593583353875],[-54.141878837889166,-34.61253677193625],[-54.14118765136152,-34.61175637602451],[-54.14038059538098,-34.61068622447822],[-54.13922567617135,-34.609419872067676],[-54.13733944423835,-34.607431102189636],[-54.13714322080799,-34.60721257752623],[-54.13672856628504,-34.6069004298489],[-54.13634951489653,-34.606512531314095],[-54.1354800409306,-34.6053932597374],[-54.134686268546574,-34.60476453755837],[-54.13216692791476,-34.602463627147934],[-54.129509268253095,-34.60005125017097],[-54.12897413738367,-34.59984166245193],[-54.12859961446977,-34.599511750426366],[-54.12748038124986,-34.59878490250417],[-54.12699433439996,-34.59846832365355],[-54.125852834696246,-34.59747390204738],[-54.12535781569219,-34.59709485395683],[-54.12467118156648,-34.59634129245907],[-54.12430100375156,-34.59616291798068],[-54.12375260152473,-34.59568134959564],[-54.12336463045755,-34.59547626366148],[-54.1230747969388,-34.59531569193816],[-54.121888694498885,-34.594856406557085],[-54.120840744327054,-34.59434358471673],[-54.120729305320836,-34.59370594941796],[-54.12088091230594,-34.593295758465075],[-54.120769473243,-34.59294797560723],[-54.12095667432587,-34.59272942882849],[-54.12090769096987,-34.5924039361718],[-54.12090769096987,-34.592100672254915],[-54.120649052701125,-34.591931272601244],[-54.120840744327054,-34.59122222447561],[-54.120461769184736,-34.590522188235106],[-54.120778371729564,-34.58998710605629],[-54.12094336814806,-34.58982209377873],[-54.12101913022795,-34.589616973226036],[-54.120925487975164,-34.58938065675967],[-54.12091658947202,-34.58914875739292],[-54.12101913022795,-34.58878757247303],[-54.12080506719526,-34.58807861058589],[-54.120225420017256,-34.58724473744139],[-54.119931107247396,-34.58693704685578],[-54.11972153793049,-34.58671854055603],[-54.117487497068296,-34.58341436906124],[-54.11675178430693,-34.58279011936577],[-54.11626572035314,-34.58208558515648],[-54.115240131076874,-34.58122044833417],[-54.11510192327615,-34.580819177744864],[-54.1146247672786,-34.580444573891725],[-54.11427251524281,-34.57991842518597],[-54.11377307843745,-34.57948141619064],[-54.11326474715354,-34.578848215442946],[-54.11194932107331,-34.57780035900561],[-54.10984912528407,-34.575664476094566],[-54.108966223230155,-34.575026788963584],[-54.10805206664803,-34.57405918024636],[-54.10768645687214,-34.57379606129745],[-54.107316358732206,-34.5734616767956],[-54.10676782509766,-34.57322530167724],[-54.10654041383363,-34.572788328044524],[-54.103338765675566,-34.57042944369321],[-54.10229538539622,-34.56959116443495],[-54.10168893578948,-34.569328033879366],[-54.10093981816254,-34.56869487286086],[-54.100168425676216,-34.56827129354724],[-54.099138306720434,-34.567321471027554],[-54.09862109065003,-34.566942455597115],[-54.09794774210298,-34.566451930845254],[-54.096841913245676,-34.56589009811505],[-54.09593670980612,-34.564846686306524],[-54.09533022599429,-34.56456126698245],[-54.09478177577071,-34.563999401370495],[-54.09381865088287,-34.563491111659964],[-54.09315423874729,-34.562719659967755],[-54.09047877297703,-34.56110100655972],[-54.08924361517531,-34.559883684606746],[-54.087138870444704,-34.55871093981882],[-54.08555588077974,-34.55724391656829],[-54.08473093989849,-34.5568514574253],[-54.08420484094275,-34.556423411943825],[-54.08346461760263,-34.555919525672785],[-54.082880423793526,-34.55530419034321],[-54.0823408712968,-34.555067860318154],[-54.08179242841142,-34.55482704608624],[-54.08140898614813,-34.554211726975936],[-54.078929665139455,-34.55286508816713],[-54.078367863915695,-34.552347822652074],[-54.07572357038124,-34.55071129876496],[-54.07502797652723,-34.55019852389142],[-54.073614449691185,-34.549262101560416],[-54.073208689815054,-34.54886972488425],[-54.07134032640805,-34.547790599377926],[-54.07039494146184,-34.54708159639967],[-54.06909735160056,-34.54633695838074],[-54.06866036625232,-34.54593112367978],[-54.0681921347421,-34.54575281618092],[-54.06736280501419,-34.5449858561564],[-54.065565801587496,-34.54410297725078],[-54.064013994238884,-34.54304169971912],[-54.06258263224079,-34.54220338288562],[-54.06193161381579,-34.541752972693324],[-54.06106204643019,-34.54139176807588],[-54.060174705379524,-34.540736281591776],[-54.05831969801462,-34.53934057087527],[-54.056830355657056,-34.538511195161995],[-54.056451356063,-34.53831503206476],[-54.05620165441356,-34.53819019417513],[-54.05584492727759,-34.5378557492081],[-54.05530090697248,-34.53748564617712],[-54.0549129406158,-34.53700400405649],[-54.054632083750725,-34.536977316092816],[-54.05436003578028,-34.53687024149821],[-54.05412820578544,-34.53674099290928],[-54.053530685824185,-34.53624597589968],[-54.05224641967338,-34.53544783518704],[-54.05154189361088,-34.53489042484067],[-54.05002575900707,-34.5339763206127],[-54.049240989919504,-34.533138005861076],[-54.048621156671096,-34.532990825394876],[-54.04751086974862,-34.53241114587101],[-54.04740834161271,-34.53206784029489],[-54.04612409250418,-34.53143909446507],[-54.045589029527825,-34.530988756944296],[-54.04374292409134,-34.53001214102577],[-54.04314988647386,-34.52965100291494],[-54.042637026369974,-34.529200586883576],[-54.041950365691854,-34.52858973543787],[-54.040978250545784,-34.528210714723606],[-54.03922588161814,-34.5272296885435],[-54.038601558238334,-34.52672131401028],[-54.03502984279126,-34.52469691476429],[-54.03389274985504,-34.52394775968106],[-54.03070003919071,-34.52203035068627],[-54.03032548528115,-34.52177624418439],[-54.03008915755397,-34.521629070684014],[-54.02962090679375,-34.521361474823834],[-54.02949165445973,-34.521098435124074],[-54.02605367042994,-34.51909630015404],[-54.02522877272508,-34.51868159766728],[-54.0250013480191,-34.518525573779044],[-54.02463122361186,-34.51815099471321],[-54.02131812319649,-34.51631829014321],[-54.020198837231334,-34.51569845453344],[-54.019088537297904,-34.514900270075756],[-54.01804511222706,-34.51428042553705],[-54.01763930726469,-34.51387023706198],[-54.016475557332065,-34.51317460860832],[-54.01582002125196,-34.51280001402905],[-54.01515560411595,-34.512380870111386],[-54.01430839739062,-34.5117387701638],[-54.01387586954249,-34.51157379732398],[-54.01344782878178,-34.51123492703883],[-54.012408797389085,-34.510686404849935],[-54.01166858624698,-34.510258333112766],[-54.010946237274865,-34.50970545003027],[-54.01036656908608,-34.50931751500863],[-54.009929578512015,-34.50908561838307],[-54.00944799480355,-34.508791321671794],[-54.007365567604516,-34.50741345911728],[-54.00657632589519,-34.50700768370272],[-54.00505574595901,-34.506133713673606],[-54.00456082270323,-34.505861677222796],[-54.004146119284385,-34.50561640053841],[-54.00291539145924,-34.504925233786565],[-54.002264369926095,-34.50453286730217],[-54.00042717318953,-34.503498359613175],[-54.00012400873556,-34.50341807390821],[-53.999678107523636,-34.50310151893119],[-53.99881304981297,-34.50257976153887],[-53.99797913924919,-34.502084836208915],[-53.99713195234669,-34.501549759302854],[-53.99644079146905,-34.501179605775434],[-53.99579422446619,-34.50086301409682],[-53.99465263616454,-34.50032791226519],[-53.99386784019822,-34.499980104696185],[-53.9935602176054,-34.49973038795641],[-53.9926906610153,-34.49914630228653],[-53.99165173913655,-34.49849083655944],[-53.98659058616617,-34.495917854474364],[-53.98564082625856,-34.495298105401865],[-53.98372789207963,-34.49405844920207],[-53.98245705621816,-34.493634806963],[-53.98145371817806,-34.493072981786455],[-53.98011600950932,-34.49232831063797],[-53.97773037244494,-34.49087018009624],[-53.97678063721754,-34.49037966860939],[-53.97510399797177,-34.48946114256319],[-53.97138062289177,-34.487169157899544],[-53.96822806175986,-34.485447911092244],[-53.96601185786409,-34.48422162880618],[-53.96285038397669,-34.48249152573763],[-53.96062976813057,-34.48126083464744],[-53.956540766846835,-34.47931220378757],[-53.955581994708155,-34.478821671077455],[-53.953495193579826,-34.47746168833517],[-53.95209058031483,-34.47658768955705],[-53.9501998777073,-34.475597759392535],[-53.94829138009057,-34.47437150251123],[-53.94250352178459,-34.47153555722415],[-53.94134860707327,-34.47093798262889],[-53.93944455775327,-34.469858869029174],[-53.93781700917314,-34.46907858296844],[-53.93691181615138,-34.46821797978735],[-53.9352217634807,-34.467558006518246],[-53.93447713973929,-34.46711656077677],[-53.93407135391009,-34.46700061171612],[-53.93290752110726,-34.46644320738853],[-53.92871146256198,-34.46431175196457],[-53.92616977886818,-34.462702029393306],[-53.92490784442321,-34.46209116440175],[-53.92364153385479,-34.46135097877735],[-53.91926713484782,-34.459108015059876],[-53.91692607719732,-34.45774349914823],[-53.914049931812436,-34.456196186629995],[-53.91321161870201,-34.4557814899458],[-53.911628660694056,-34.45495212071883],[-53.90968453211182,-34.45410048077727],[-53.907668960037974,-34.453146169811525],[-53.90558211590985,-34.452240982052665],[-53.90311176366022,-34.45079176706055],[-53.90184091508655,-34.4499177708339],[-53.89897818175333,-34.44862021150542],[-53.89595045019665,-34.44704167014745],[-53.89518795910422,-34.4466091105933],[-53.89332849074379,-34.44574855902735],[-53.892677471742886,-34.44553899079606],[-53.88995744720849,-34.44400503790159],[-53.88763874778177,-34.44268068489597],[-53.88486964942717,-34.441467818430056],[-53.878091799240416,-34.438230539985526],[-53.87724011201647,-34.437789059387136],[-53.874961502955685,-34.436504795706476],[-53.87250895379067,-34.43558176849877],[-53.870872527217344,-34.43450712886749],[-53.86734537448148,-34.432705674056194],[-53.86649811577585,-34.432130454555875],[-53.864255216947306,-34.43111378556924],[-53.86240908920335,-34.4300257666228],[-53.86145935186603,-34.42967797355999],[-53.860130501714075,-34.42916962664925],[-53.858146220762364,-34.428366996991684],[-53.85668812992369,-34.42759558473704],[-53.85514967162098,-34.426708147597616],[-53.85074855011351,-34.42478186462594],[-53.84726598774268,-34.42302943458951],[-53.84080474224964,-34.420215684275306],[-53.83938675302301,-34.41959144040941],[-53.838151585605075,-34.418918109846196],[-53.82997806880051,-34.41577000413758],[-53.8241411173079,-34.41361180039993],[-53.82213008886974,-34.41260853596327],[-53.820181411336236,-34.41165873115786],[-53.81854493133755,-34.411333221040685],[-53.81566879035763,-34.40990181972977],[-53.81429541471103,-34.40919725950526],[-53.812293257545775,-34.4085239845253],[-53.80982289746297,-34.407328924329576],[-53.80513197397726,-34.40559431076236],[-53.80420894765886,-34.405308937560626],[-53.80097612347024,-34.404537558207686],[-53.79187952178334,-34.40282527003484],[-53.78997102637483,-34.40295007478873],[-53.78783510125373,-34.403400466065364],[-53.786136208169026,-34.40426554379637],[-53.78554761620284,-34.40476495541021],[-53.78546290503933,-34.40516630609851],[-53.78566801717616,-34.40523316368344],[-53.785547616202834,-34.405473975891276],[-53.78544501882317,-34.405732565126655],[-53.785547616202834,-34.40597334097298],[-53.78552086965728,-34.40610711655718],[-53.785547616202834,-34.40628998682787],[-53.7857705320459,-34.40656197637001],[-53.78591768004164,-34.40663333016614],[-53.78607377149795,-34.406816130647606],[-53.78620750527838,-34.40699446257261],[-53.78617189811912,-34.40707922083201],[-53.78622539167157,-34.40717283563461],[-53.786100518235465,-34.40726648837776],[-53.786100518235465,-34.407369068168904],[-53.7859890597559,-34.407511746114395],[-53.78591768004164,-34.407476045548876],[-53.78585524354767,-34.40760094642664],[-53.7857705320459,-34.40765885840158],[-53.78580622182659,-34.4077079828711],[-53.785725981948424,-34.40779714997323],[-53.78549412312101,-34.40760989675993],[-53.78524437882182,-34.40757415822073],[-53.785186414411925,-34.40747158505689],[-53.78499463533228,-34.40740920235968],[-53.78480741105233,-34.40732004372083],[-53.784629047433526,-34.407377990748785],[-53.784562140481555,-34.407212980681216],[-53.78440605208809,-34.40710597354788],[-53.78416525427434,-34.40708815073316],[-53.784089487580104,-34.4071282895193],[-53.784071601682825,-34.40713719453758],[-53.78393787161028,-34.40715504181023],[-53.78395567467155,-34.40707473060938],[-53.78390218269517,-34.4070168051771],[-53.78360789468453,-34.40706136791634],[-53.783567734477636,-34.407163921307436],[-53.783411648099154,-34.4072084988222],[-53.78335368506831,-34.40727097719211],[-53.7831575219347,-34.4072843576022],[-53.78306387056842,-34.40724421489598],[-53.78292119943087,-34.407293224027924],[-53.78268934904553,-34.40728433730672],[-53.782283529747396,-34.40727984879241],[-53.781574572456016,-34.40719518027977],[-53.781565629798855,-34.40703907200556],[-53.78084773654211,-34.40700785851684],[-53.780803106490225,-34.40687407611832],[-53.780629223417904,-34.406896381388044],[-53.78054004639455,-34.406735909200485],[-53.78037502363298,-34.406726949376505],[-53.78021447247477,-34.406784931785936],[-53.78007180661557,-34.40676263379878],[-53.77993361225412,-34.40678939723815],[-53.779924669787505,-34.406624386671695],[-53.77982207989758,-34.40654859099819],[-53.77969721684228,-34.406526264023384],[-53.77967047232825,-34.406289979564335],[-53.77942968931985,-34.406379136763],[-53.77936278688447,-34.40653517277129],[-53.77927361132768,-34.406508474954485],[-53.779304826900805,-34.40637910519685],[-53.77922012260314,-34.40632560462255],[-53.779081929770115,-34.40636134435905],[-53.77898828335977,-34.40629441490346],[-53.778854479314134,-34.406307811870526],[-53.77872067550102,-34.40638802192439],[-53.778600285387675,-34.406383555969086],[-53.77850225121159,-34.406557509340416],[-53.77831495991478,-34.40657088858011],[-53.778252529583746,-34.40666009069715],[-53.77813652853276,-34.406392519904514],[-53.77761481575951,-34.4064682955124],[-53.77741866724368,-34.406490641475614],[-53.7774988984673,-34.40625424756946],[-53.777623757957876,-34.406098213146045],[-53.77715553591229,-34.406071430636835],[-53.77671861403594,-34.406116039021626],[-53.776937033265476,-34.405621102196704],[-53.77687021579323,-34.40532235002677],[-53.77694150432516,-34.40507708730785],[-53.7768746040517,-34.404876391600304],[-53.77703514824616,-34.404564256535],[-53.777008404656755,-34.40436807501873],[-53.7770663629118,-34.404180802878805],[-53.77665618499929,-34.40401586118369],[-53.7766962588048,-34.40295455836092],[-53.77635289982937,-34.40249528608988],[-53.77655359946411,-34.40227676820599],[-53.77650011262912,-34.40201817524996],[-53.776598144255985,-34.40165694060071],[-53.77703067718103,-34.40176394777046],[-53.77737851026429,-34.402125187288625],[-53.77812766907353,-34.402165320820664],[-53.778381778640814,-34.40217416180762],[-53.7787340889916,-34.402187613683],[-53.77934051368558,-34.40179516830483],[-53.77980874901797,-34.40127796765522],[-53.780254630933186,-34.40057783757016],[-53.78065149698953,-34.39985102468396],[-53.78098593254396,-34.39886555691169],[-53.78160131763132,-34.39717111875126],[-53.7816458653433,-34.39597602931238],[-53.78217207679064,-34.39477211490251],[-53.78233254922669,-34.39041557068714],[-53.78239498286542,-34.38883700885862],[-53.78136052858582,-34.384502807032504],[-53.78070945798677,-34.38259427787944],[-53.78037502363298,-34.38144828527907],[-53.77967047232825,-34.37986534015928],[-53.779010556456775,-34.37870148361359],[-53.77737851026429,-34.37488448635127],[-53.77632615647694,-34.37316332305022],[-53.773735407207056,-34.36997054262137],[-53.77242892967121,-34.368267172442366],[-53.76736782189869,-34.36207795629959],[-53.766511725204,-34.36147157766398],[-53.765811605629345,-34.36045484974431],[-53.76578933635167,-34.36042810778353],[-53.76497332492372,-34.35946050529982],[-53.76456751623417,-34.359473881644035],[-53.764157322151874,-34.35942039217011],[-53.76326549905434,-34.359179557272874],[-53.76280175181886,-34.35897446790674],[-53.762293388060236,-34.358880823730594],[-53.761878653139796,-34.35858205137142],[-53.76201242767218,-34.358243119756736],[-53.76239595458609,-34.35818070457123],[-53.76296673690369,-34.358162865334315],[-53.76356864986525,-34.358278801073915],[-53.76396551267264,-34.358176247538886],[-53.76434904932553,-34.35777049901941],[-53.76450062671689,-34.357172921106205],[-53.76463440580961,-34.35659774905967],[-53.7644382075911,-34.355523074478626],[-53.76416170968548,-34.35503704935776],[-53.763791667636404,-34.354515330645555],[-53.76405475327719,-34.354158610431035],[-53.76384067534017,-34.353980252330196],[-53.7640636111165,-34.35372156789521],[-53.76453183629878,-34.353828643403205],[-53.76523194422629,-34.35410064288131],[-53.76519626398271,-34.354501955880174],[-53.76524088498598,-34.35484978001126],[-53.7653478430435,-34.35508159475156],[-53.76628869954684,-34.35480070631032],[-53.76687283938731,-34.35460451521471],[-53.76750160597746,-34.35413188367854],[-53.768339914232115,-34.35331586134511],[-53.76897308061947,-34.35223668440645],[-53.76945913539136,-34.35152328853846],[-53.770061099150745,-34.35073400401381],[-53.77035541817526,-34.3498243825775],[-53.770524890146746,-34.34813436477096],[-53.77042678346412,-34.346613837519506],[-53.77047579539457,-34.34526711554828],[-53.770377771564874,-34.344812378138734],[-53.770083452454884,-34.34451799984374],[-53.76995413454085,-34.34427279350806],[-53.77012352283854,-34.34402307112744],[-53.770756786692935,-34.34404092273726],[-53.77139444370448,-34.34394725112731],[-53.77189384327706,-34.34435306722325],[-53.772807954900884,-34.34449575552729],[-53.773945041788814,-34.344433339679505],[-53.7749795620367,-34.34397401980918],[-53.775849083125756,-34.34429951296275],[-53.77596946893723,-34.34433521633219],[-53.77661155737679,-34.3445225005171],[-53.77702181784903,-34.34481681317529],[-53.77725365117143,-34.34605638076459],[-53.77794037868785,-34.34668070869631],[-53.778930323657995,-34.34695714734957],[-53.780379494892294,-34.346948257459296],[-53.78161912015253,-34.346582601694436],[-53.78302818205827,-34.346069798504146],[-53.785819636551224,-34.34378677666032],[-53.787255439625206,-34.341962994764074],[-53.78775933095024,-34.3407813106133],[-53.788249810420524,-34.33991174922772],[-53.789208502675166,-34.33795870684481],[-53.78993980647921,-34.33485069794283],[-53.79063989704398,-34.33212171517353],[-53.791170558998274,-34.329067278326875],[-53.79160309094382,-34.327189948041855],[-53.791647644439315,-34.325450890757665],[-53.79171902946162,-34.3221734608262],[-53.79165211635293,-34.320831324486626],[-53.791206168467475,-34.31375020119312],[-53.79083607922902,-34.31017846721814],[-53.790118182392625,-34.306990247191266],[-53.78993533466497,-34.305656951975024],[-53.78961874743773,-34.304453015772246],[-53.78948500773643,-34.30385101519497],[-53.78920403090335,-34.303289141508415],[-53.788932081416355,-34.302611441875634],[-53.78873134952395,-34.30174186971835],[-53.78839249142669,-34.30079205849537],[-53.78769242127971,-34.29842877575723],[-53.787366899936835,-34.297541395700456],[-53.78697008208822,-34.29652030530214],[-53.78668911442583,-34.295646259243604],[-53.78597564500177,-34.29375558661889],[-53.78531575791224,-34.291847128478246],[-53.78459335819821,-34.29037118009445],[-53.78393787161028,-34.28914045486502],[-53.78373276408014,-34.288453724340606],[-53.78340725946815,-34.28797217878459],[-53.78293453084924,-34.28668349104616],[-53.78282754835192,-34.286201939474005],[-53.78219882217343,-34.28491767902008],[-53.78170382708892,-34.28394556270585],[-53.781128600096636,-34.2827505478862],[-53.779759648344616,-34.2799814179704],[-53.77958129641514,-34.2793126101394],[-53.77897934100294,-34.27844753200748],[-53.7782792736053,-34.27694032098829],[-53.777374039179215,-34.27560262649248],[-53.776638300828346,-34.27414895565042],[-53.775242603135375,-34.2721022482493],[-53.77386920235604,-34.270073357811995],[-53.773289563045864,-34.269413386768015],[-53.772540368524915,-34.26849481835508],[-53.77147466864944,-34.26700545194354],[-53.77015034682604,-34.2653021191783],[-53.76980254640485,-34.264976561289785],[-53.76932096008083,-34.26445485022766],[-53.76896869281146,-34.263835085726406],[-53.768710060947534,-34.26354073524744],[-53.76791628842737,-34.26218514847735],[-53.767434713909,-34.26152526856084],[-53.76277940063037,-34.25526914069103],[-53.762150672637624,-34.25460474271272],[-53.76145059275602,-34.25342752455172],[-53.76070151351253,-34.25274079727557],[-53.75935039134922,-34.25122027236102],[-53.75911405916202,-34.250569249063744],[-53.758119650810556,-34.24933850349268],[-53.75672842781226,-34.24794730111182],[-53.75533276018508,-34.24610121662375],[-53.754882387349504,-34.24555721206735],[-53.752010691429355,-34.2421281248398],[-53.75100296630549,-34.241004481322946],[-53.74541126316191,-34.2343202851953],[-53.74410021830974,-34.23287549325524],[-53.74244590547088,-34.231154264110174],[-53.74171463921308,-34.230320417228],[-53.74114384919216,-34.229361710861866],[-53.740301120282545,-34.22844318165878],[-53.739654535079644,-34.22770740621171],[-53.73934684419954,-34.227466621742856],[-53.73904362340883,-34.22694046276099],[-53.738731466138304,-34.22661045459345],[-53.738214241216916,-34.22613332890462],[-53.737322388124554,-34.22517465556267],[-53.73665803588732,-34.22468860052803],[-53.735021509610036,-34.22294509686214],[-53.73409849637325,-34.221919535317696],[-53.73379529631176,-34.22130419193984],[-53.73343855781675,-34.22091171829035],[-53.73315315166451,-34.22056841642775],[-53.73280982163397,-34.22041236721958],[-53.732127551885206,-34.219672108019],[-53.731530022621776,-34.219150380817716],[-53.730290377317246,-34.217580757584535],[-53.72914888865498,-34.21626091372825],[-53.72763721806278,-34.21447278317142],[-53.72638869941077,-34.21309943657115],[-53.72540323711157,-34.212247715897746],[-53.72452477144286,-34.211208747816634],[-53.72254943950204,-34.208827567411255],[-53.721902838377616,-34.20832368153275],[-53.72155054027693,-34.207895611297225],[-53.721260710525904,-34.20756115776278],[-53.72064539475731,-34.20682546794563],[-53.71985609010908,-34.20599155626526],[-53.719258573691896,-34.20547875919189],[-53.71848715395509,-34.20470739595989],[-53.717622087601015,-34.20381105622241],[-53.71678822119187,-34.20303966798376],[-53.71613720112787,-34.20204530959355],[-53.71515178783343,-34.20110890674553],[-53.71429561121701,-34.20002085487559],[-53.713559897661895,-34.19937875510826],[-53.713261080679274,-34.19899971756096],[-53.71265021370675,-34.19847355810973],[-53.711981359665906,-34.197751160327286],[-53.71168254883811,-34.1972651049502],[-53.71121439767185,-34.19684152775553],[-53.710616865888674,-34.19627966775335],[-53.71015310568112,-34.19578469351393],[-53.709867703452346,-34.19553050712734],[-53.70919440658049,-34.19495980233679],[-53.708703935166795,-34.19430431924337],[-53.70817773041685,-34.19369788223619],[-53.70674191546751,-34.19223972931386],[-53.70599725785226,-34.19138808490859],[-53.70534177984553,-34.19077273245948],[-53.70464163891226,-34.190130557332814],[-53.704164514400496,-34.18968465072106],[-53.703714193645354,-34.18912731419013],[-53.702550353407325,-34.18811506995903],[-53.70170308553028,-34.18704933783773],[-53.70099859393647,-34.18629576209394],[-53.70045904229416,-34.18567146270646],[-53.69979906240256,-34.18497140221093],[-53.699241653061534,-34.18457449418093],[-53.698974157572884,-34.184244582402584],[-53.69855050089117,-34.183910143083914],[-53.69747590234545,-34.18279093205235],[-53.696775833328466,-34.18212647344865],[-53.696044506251916,-34.18136399733452],[-53.695357849256396,-34.1807486270172],[-53.69485836847266,-34.18031605255909],[-53.69425194909039,-34.179348493805236],[-53.69311041816588,-34.17860380137104],[-53.6924147725085,-34.177970602791646],[-53.6918618830442,-34.17734185300901],[-53.68962786984301,-34.175629545273225],[-53.686394984825824,-34.17224507849408],[-53.68515987373331,-34.17109915643165],[-53.6844463549678,-34.17045258123574],[-53.683888974749436,-34.17010027558045],[-53.68282773073603,-34.168905217919544],[-53.68166834282601,-34.16795096034165],[-53.6792515469123,-34.165471756539056],[-53.67825718153322,-34.16459329293231],[-53.67782909158086,-34.164071596407084],[-53.676611731632676,-34.16309505208868],[-53.67561293543233,-34.16219876266678],[-53.67497524739191,-34.161605673162185],[-53.6738738588981,-34.160727241787114],[-53.67346811865401,-34.160339349908064],[-53.673062297878666,-34.159839910599295],[-53.672384529070236,-34.15922006715766],[-53.67178258743168,-34.15878754438867],[-53.67134105633234,-34.15824354081081],[-53.670694556877876,-34.15764159387891],[-53.669927595185634,-34.157146636610264],[-53.66915617641145,-34.15643765394303],[-53.668210806297594,-34.15564387496055],[-53.66706925068472,-34.15476094132542],[-53.6663379596279,-34.15409653430311],[-53.665624533867145,-34.15339650894116],[-53.664937819293414,-34.15253585832871],[-53.66428682685401,-34.15195622095854],[-53.66341724718478,-34.151407728168735],[-53.66247194809797,-34.150649674364175],[-53.66172284367259,-34.14988716350031],[-53.66069720836707,-34.148781308214886],[-53.65974739605098,-34.14802773376991],[-53.658512302225674,-34.147122551999054],[-53.65781217658764,-34.146270836141106],[-53.65670185943824,-34.145445944395505],[-53.655667363600045,-34.144527328844966],[-53.65453475801686,-34.143546350771345],[-53.65375440164045,-34.14308260476845],[-53.65296066174091,-34.14236470415171],[-53.65224719564843,-34.141727011688204],[-53.651627392377954,-34.141249877251795],[-53.65109232219802,-34.140750476425545],[-53.65061073744587,-34.14035360413282],[-53.65004442874686,-34.139814110689365],[-53.64955392333943,-34.13942612529685],[-53.6489742316819,-34.138882125454316],[-53.64840793513016,-34.138427318584355],[-53.647627558753605,-34.137834240865566],[-53.64652623404238,-34.136897856996484],[-53.64562544755274,-34.136175447042895],[-53.643935489049404,-34.135007210864465],[-53.64209828231256,-34.133731849964995],[-53.64117531504939,-34.13321019310992],[-53.640180866900366,-34.13236734111978],[-53.63949421595797,-34.13168515326885],[-53.63891898112309,-34.13135962255167],[-53.637322644544135,-34.1299906797864],[-53.63603840921318,-34.12904980582182],[-53.63463824627862,-34.12773434651706],[-53.6333986004111,-34.126624053673126],[-53.632404253714,-34.12612015103696],[-53.631552557160646,-34.125304152958286],[-53.6305760020057,-34.12489395682998],[-53.629635159106286,-34.12397087433749],[-53.62863185406494,-34.123154892823386],[-53.627392223279855,-34.12224966904127],[-53.6264201010984,-34.12150057266945],[-53.625171581893014,-34.120501698400396],[-53.62435111867161,-34.11969013958313],[-53.623347800598275,-34.118976708572575],[-53.622625439601904,-34.11816066184453],[-53.62161768226627,-34.11739815604783],[-53.62073032810508,-34.11673822859744],[-53.62010598864323,-34.11621647547114],[-53.61901357215836,-34.115565471691845],[-53.61819309266289,-34.114669247525114],[-53.61707831233663,-34.11381753479717],[-53.61594124000345,-34.11293017567249],[-53.61514301909434,-34.11218549580661],[-53.6143091966078,-34.11147646566179],[-53.61376075592206,-34.11098153116652],[-53.61311862762037,-34.11048210502353],[-53.61226689889086,-34.10976420625482],[-53.611722934342794,-34.109246912368086],[-53.611174429678634,-34.10876535846552],[-53.61029157597957,-34.108154506169384],[-53.60964501565733,-34.107619417604326],[-53.60857480764402,-34.106879137131365],[-53.60775873664733,-34.10621475705034],[-53.60701859640918,-34.10547898766625],[-53.606193619918805,-34.104868082756106],[-53.605208137500675,-34.10423047300238],[-53.60471767288964,-34.10384695495803],[-53.60385257273266,-34.102995282736494],[-53.6031436142996,-34.10242008131386],[-53.60221607996825,-34.1016620129599],[-53.60151605843236,-34.10124287701219],[-53.60070444134224,-34.10062751292841],[-53.60025853062254,-34.100101343753145],[-53.599647658659926,-34.09960192705323],[-53.59900556689029,-34.09901332274941],[-53.59771239582319,-34.09836224679549],[-53.59677154612584,-34.09745710088225],[-53.59587085246285,-34.09673920008024],[-53.59416300006089,-34.095570891273766],[-53.5927093402996,-34.09446945397072],[-53.590435197880176,-34.09263233281239],[-53.58907510607853,-34.09153539046612],[-53.58773296126229,-34.090491970498796],[-53.586836669511946,-34.089827543811595],[-53.58609648520172,-34.08918987822612],[-53.58510655571121,-34.08847200227016],[-53.584156777323045,-34.08778083832962],[-53.58322476720892,-34.08707629209374],[-53.58210108462445,-34.08613989555771],[-53.5812093189686,-34.08548884193114],[-53.58000531155435,-34.08464609308158],[-53.57888613610861,-34.083691824032265],[-53.57749932950858,-34.082777750795515],[-53.57682596158384,-34.08197503020512],[-53.575800395890354,-34.081431053254455],[-53.57435567571901,-34.080293972254736],[-53.57324533674185,-34.07954934858124],[-53.57206812761896,-34.07876006650982],[-53.57064569096377,-34.07782810446642],[-53.56875947176068,-34.07664195576465],[-53.566873299458024,-34.07543802819637],[-53.564451969854304,-34.074002232912164],[-53.562837793067395,-34.072775923805196],[-53.56124140189405,-34.07204022225206],[-53.5606750977362,-34.071433741482366],[-53.55961829417505,-34.07067121110947],[-53.55885583606705,-34.07026992503102],[-53.55790159773181,-34.069752727163475],[-53.55676896098583,-34.06912397679661],[-53.555961867528424,-34.06871371363529],[-53.555275151364576,-34.06853978892432],[-53.55479805323533,-34.068606693649045],[-53.554472531871475,-34.0687984305184],[-53.55430304336595,-34.06896786934659],[-53.55435653994049,-34.06908378474319],[-53.55422725661667,-34.06914627545236],[-53.55430750141238,-34.06926214433689],[-53.554374454696884,-34.06935134744934],[-53.55433424969651,-34.06943161390031],[-53.554209424451386,-34.06947624799805],[-53.5540712253127,-34.06954312616733],[-53.55401772893957,-34.06946288313328],[-53.55406230924788,-34.06937365079226],[-53.55397752412846,-34.0693379618944],[-53.55391065375065,-34.06941380658857],[-53.55380811928595,-34.06938257423323],[-53.553794745235564,-34.06933354848522],[-53.55374124905763,-34.06931573121146],[-53.553611884227884,-34.0693557866094],[-53.55348260217451,-34.06932460013761],[-53.55311696466207,-34.06941826202335],[-53.55300543277588,-34.06939146268569],[-53.552818198268696,-34.069400407235015],[-53.55270674937694,-34.06936921381318],[-53.552537264820934,-34.06936470983651],[-53.552390152863886,-34.06928893873137],[-53.55227416412045,-34.06917747574785],[-53.55216717394942,-34.06920868710387],[-53.55205564346129,-34.069204218460285],[-53.55190407453406,-34.0690793818112],[-53.55159193926162,-34.068860895368545],[-53.55142691507626,-34.06870034469351],[-53.55144474658673,-34.06857548875322],[-53.5509097205458,-34.067969073847436],[-53.550575300231756,-34.06726454954548],[-53.55054401289701,-34.06685871010952],[-53.55084722816563,-34.06653316657621],[-53.5509097205458,-34.06645294829722],[-53.55073132433677,-34.06644848492856],[-53.550686745988266,-34.06640836904262],[-53.55054401289701,-34.06640389325861],[-53.550642167666,-34.06635041712986],[-53.550784818389594,-34.066328110347975],[-53.550695661655865,-34.0662790548003],[-53.5509097205458,-34.066225575361656],[-53.55091863623964,-34.06618094522638],[-53.55083385463787,-34.06610066523122],[-53.55075361352086,-34.06611406985305],[-53.55053955507199,-34.06613637289836],[-53.550374615731066,-34.06617204565754],[-53.55027654386076,-34.066051612022555],[-53.55035232665848,-34.06600705154329],[-53.550236341034775,-34.06594459957466],[-53.550258630073245,-34.06588214744697],[-53.55010706474104,-34.06583314969524],[-53.55015610055062,-34.06579747943051],[-53.55026308788172,-34.06579744309038],[-53.55032112196789,-34.06573950281927],[-53.55024079884195,-34.06572162895764],[-53.55034786884475,-34.06561910002298],[-53.55020513639195,-34.0655299400178],[-53.55026754569046,-34.06543627902402],[-53.55024971445707,-34.065396116996816],[-53.550334495405146,-34.065306953811934],[-53.55052618159855,-34.06536491034932],[-53.550539555072,-34.06524898887871],[-53.55073132433677,-34.06533372765266],[-53.55094984117636,-34.06533373469654],[-53.55111032391104,-34.06528016930997],[-53.55122631087277,-34.06540062518826],[-53.55134667333113,-34.06536492833377],[-53.55146711853403,-34.06545411373747],[-53.55203781180705,-34.065391657086124],[-53.552465937775786,-34.064571224114495],[-53.5527647027802,-34.063781920270976],[-53.552849403987764,-34.06287672070699],[-53.55265317141251,-34.06184671708656],[-53.552122594756085,-34.06078100020082],[-53.55082939679581,-34.058801104686815],[-53.54995987495103,-34.05771312101316],[-53.54925983993156,-34.057106669070926],[-53.548965546480396,-34.05677672828346],[-53.54868016960297,-34.056460087923135],[-53.5483010996366,-34.05603644951737],[-53.547685775380835,-34.05555041777842],[-53.54682512228392,-34.054828021932664],[-53.546035882437955,-34.054101200952],[-53.54544732173138,-34.05340563538617],[-53.54497466044194,-34.05302656670526],[-53.54434145082306,-34.052210583122715],[-53.54321330909237,-34.05123402673746],[-53.5427138350127,-34.05069001104653],[-53.54216095877119,-34.050221816228195],[-53.54190235142836,-34.05011482342773],[-53.5417061472127,-34.04974470091563],[-53.54090350640169,-34.04927204508327],[-53.540377304194294,-34.04891087077178],[-53.53994033215271,-34.048888531698324],[-53.53984219125336,-34.048647768715355],[-53.53939185079323,-34.04866558591195],[-53.539079684546465,-34.04829101726612],[-53.53860260588435,-34.0479342902309],[-53.538357299479806,-34.04774251309304],[-53.538161104451845,-34.04727877826141],[-53.537866854132645,-34.04725206293371],[-53.537443185205426,-34.04678833428058],[-53.536961659832045,-34.046333517314864],[-53.53641765704931,-34.04584747743434],[-53.53576660863905,-34.0459098403939],[-53.53527164061736,-34.04579838698743],[-53.53478558962738,-34.045356972886225],[-53.53433965358941,-34.04490653326963],[-53.53386697911441,-34.04445621241942],[-53.53394282802371,-34.044144039635135],[-53.534411046096956,-34.0442377025433],[-53.53494612064153,-34.044594427191825],[-53.53525826984028,-34.044576573227125],[-53.536319520717235,-34.044955636335985],[-53.53724253550459,-34.044175304242756],[-53.537817743741954,-34.043484105611],[-53.5380363058598,-34.04319871894314],[-53.538566866375525,-34.04248526471445],[-53.53874077680002,-34.041754003793415],[-53.539110884605236,-34.04038504837369],[-53.53907522739626,-34.03918556785445],[-53.53898608444729,-34.03847653291808],[-53.538446524227425,-34.037384081173435],[-53.537777630068334,-34.036322780927776],[-53.53719796509614,-34.035725294044916],[-53.536694073693035,-34.03455253522502],[-53.536390832555654,-34.03371864456531],[-53.53603410896244,-34.03311669311746],[-53.53568184400075,-34.031850291059676],[-53.53635963361807,-34.03159612338042],[-53.53705971445913,-34.03192165349177],[-53.53781328666606,-34.03250576520553],[-53.537942624512226,-34.032657428546436],[-53.539784247737536,-34.03203760331914],[-53.540872223062316,-34.03115915227985],[-53.54172397643469,-34.02999535172004],[-53.54224564812175,-34.02819834696153],[-53.54252662594377,-34.02641024213038],[-53.54261131570333,-34.02474248215241],[-53.54243293903942,-34.024024588656445],[-53.54207172964566,-34.022561974819176],[-53.54106842511686,-34.01917755813745],[-53.539757504591336,-34.015980394645396],[-53.53961479209746,-34.015721726635235],[-53.5383751279131,-34.01352339168061],[-53.53731393075059,-34.01202966422155],[-53.537086456652204,-34.0116684345936],[-53.5365870229949,-34.0108746919933],[-53.535936055664095,-34.01011669615688],[-53.53518687653345,-34.00922483772909],[-53.53441995984829,-34.00823044936284],[-53.53364405474056,-34.007120158197665],[-53.53314018700031,-34.006402224564646],[-53.53302422774142,-34.00623721192742],[-53.53228399093814,-34.00548812607584],[-53.53208335491626,-34.00528296255659],[-53.5315438439085,-34.00464534657009],[-53.5311647772088,-34.00419941569761],[-53.530455837618845,-34.00361979800966],[-53.53006340651148,-34.003249657117784],[-53.529688803826716,-34.00325408777565],[-53.52893522999797,-34.00316492461357],[-53.52881927718401,-34.00282154155765],[-53.52931874210142,-34.00246039622745],[-53.52963978127291,-34.00201450415642],[-53.53079025160117,-34.00126092498481],[-53.53103545094652,-34.00049391908059],[-53.53153493049598,-34.000195194996515],[-53.53201650387124,-34.0001104441298],[-53.532248336945564,-34.00026649555354],[-53.532738828414914,-34.00036907328526],[-53.533438958293964,-34.0002976961],[-53.53424605935208,-33.999611006929676],[-53.53434856733234,-33.99931222132573],[-53.534571576316566,-33.99865680078262],[-53.53473656377116,-33.99719862771313],[-53.53469191230347,-33.99645842085788],[-53.534638429618994,-33.99554431529254],[-53.53423714562121,-33.993640327713756],[-53.53402305132715,-33.9926191129444],[-53.53322040945282,-33.990456494291664],[-53.5331223598002,-33.99019339925515],[-53.531949570353234,-33.98811988245798],[-53.53163743480338,-33.987598182809755],[-53.53108455693584,-33.98666626224263],[-53.53071886250995,-33.986282781092356],[-53.53051823063861,-33.986068759071735],[-53.530206100994064,-33.985984024580326],[-53.529969735033916,-33.98614450337234],[-53.529407873662784,-33.98610887413514],[-53.52895305621146,-33.98587701497213],[-53.528649846096485,-33.98592158876148],[-53.52835555023377,-33.985783367909434],[-53.5286097372828,-33.98556041476496],[-53.52890849068561,-33.985636221018986],[-53.52932765525283,-33.98563174029755],[-53.52997864826203,-33.98513673898011],[-53.530634186056744,-33.98497626634293],[-53.530999797542314,-33.984918246660136],[-53.53168208446863,-33.984655190366446],[-53.53194511362294,-33.98442779322174],[-53.53235092475198,-33.98352704377284],[-53.53226616393975,-33.98211350697136],[-53.53174893521817,-33.98041455375276],[-53.53124062340931,-33.97838127614516],[-53.53098197084651,-33.97786842978029],[-53.53047812083429,-33.977712358424846],[-53.52996082180685,-33.9775563238166],[-53.5298493240274,-33.97742254166625],[-53.52956401920678,-33.977275391515704],[-53.52938113418336,-33.97703904687992],[-53.529216158406605,-33.97633451014242],[-53.529327655252835,-33.97626317592445],[-53.529327655252835,-33.97614723048447],[-53.52892186034061,-33.97579941651874],[-53.52890403413446,-33.97558089046865],[-53.52911357485092,-33.97550065738179],[-53.52993408213196,-33.975286590120774],[-53.53044684180411,-33.9752509158005],[-53.53061190279534,-33.975036910458215],[-53.53067875259926,-33.97473372285265],[-53.5306520126706,-33.97431903819573],[-53.53055834046422,-33.97369916667595],[-53.53043347187958,-33.97252197226093],[-53.53037107892971,-33.97236591512836],[-53.5301257992076,-33.97174610573366],[-53.52976019194589,-33.970756179145454],[-53.529171592725746,-33.969779633453186],[-53.52865875916908,-33.96886997220038],[-53.527838265721314,-33.96776854702442],[-53.519352597929775,-33.95717376435852],[-53.517310380142,-33.95488624318381],[-53.51603056674306,-33.9534548873541],[-53.51478650327299,-33.95244265544444],[-53.513934805649065,-33.951644440774764],[-53.51338634782529,-33.95088196139843],[-53.51113455226249,-33.94887983867287],[-53.510372004923205,-33.948367005929256],[-53.51001977698842,-33.94780519198991],[-53.50960500986748,-33.947466259193774],[-53.50906103885588,-33.94736822894549],[-53.50783029105414,-33.946627960178816],[-53.507339796161475,-33.946605708240725],[-53.50692512626098,-33.94680188994038],[-53.506586197599475,-33.94679299368872],[-53.50634545026772,-33.94652541425095],[-53.506068979552765,-33.94589668458913],[-53.50597533780625,-33.945325961155675],[-53.50610462119956,-33.94498705518788],[-53.506586197599475,-33.94465704562655],[-53.50764300330961,-33.9442290059199],[-53.50800421330502,-33.943792002746406],[-53.50840106775832,-33.943395091341394],[-53.509431166438176,-33.942904660712315],[-53.51008660858558,-33.94265940424795],[-53.510528111152944,-33.94268165415214],[-53.51075550537131,-33.94256127194264],[-53.51097844477963,-33.94206630432056],[-53.51112555874653,-33.94140636759709],[-53.51094280083301,-33.94044322235361],[-53.510532566620896,-33.939065362349226],[-53.50937316371239,-33.93722823233983],[-53.50840552310082,-33.93542225911539],[-53.50762072682465,-33.93437881409712],[-53.50710795695918,-33.93310801498031],[-53.50708122536738,-33.93153392986941],[-53.50721051065378,-33.92924192918703],[-53.50811567886708,-33.92538924168392],[-53.50848580181713,-33.92509496502119],[-53.50880683502878,-33.92490767351682],[-53.50897184877564,-33.92476056256947],[-53.50919923830943,-33.92476947093474],[-53.509355342115676,-33.92463125873753],[-53.5093909853133,-33.92400251715035],[-53.50952926787805,-33.92362349272771],[-53.50970756695242,-33.92337821939231],[-53.510055420499555,-33.923182022166486],[-53.51022934787379,-33.92300814603663],[-53.510358638548546,-33.92278518566237],[-53.51050129584212,-33.92269149879974],[-53.51090261890408,-33.92277620829028],[-53.5112147513696,-33.92252209143371],[-53.51156261185668,-33.92159016272184],[-53.511736460190875,-33.91786233661907],[-53.5116428114182,-33.9149014605154],[-53.510817882134305,-33.910005349461024],[-53.50978339162847,-33.905408047055396],[-53.50936870831281,-33.90417287549735],[-53.50923496394064,-33.903713584724095],[-53.509105592681955,-33.90327209958701],[-53.50894066114985,-33.90271474855453],[-53.50840997844358,-33.90091770173309],[-53.50737106563149,-33.89805943141226],[-53.506550555725404,-33.895259151262785],[-53.50461973183842,-33.89063505544618],[-53.504026708286766,-33.889484612979906],[-53.503585243722426,-33.888570505543576],[-53.5032775978255,-33.88766531715525],[-53.50206468164596,-33.88569883082047],[-53.50155640444524,-33.884802565258504],[-53.499652354717774,-33.881435919412255],[-53.49491677553845,-33.87440390812816],[-53.49341404092531,-33.872522172739444],[-53.49223683585169,-33.87091245198714],[-53.4895257292628,-33.867113295858566],[-53.48844212225659,-33.86546789647679],[-53.48763946960129,-33.86422821959358],[-53.477544146824215,-33.85011079005766],[-53.476572048496834,-33.84881760349299],[-53.47457436682761,-33.84643196965531],[-53.47323664329139,-33.84477320236763],[-53.46893359162137,-33.83990829698997],[-53.46834051875985,-33.83887379045631],[-53.46788565680948,-33.8383966639719],[-53.467377362550025,-33.83791953417982],[-53.46687344214984,-33.83729972913138],[-53.4663918718859,-33.83675571683185],[-53.465718585745975,-33.836131464576255],[-53.46512553820086,-33.83521734739677],[-53.46446553916601,-33.83441471168639],[-53.46374766072688,-33.833647751269474],[-53.46120149855839,-33.83102134645337],[-53.460653011798726,-33.83036136081457],[-53.46006445663884,-33.82970587453014],[-53.45977009833133,-33.82928224437861],[-53.45935544260111,-33.82890774420976],[-53.45894515912379,-33.82852868761146],[-53.45857066196954,-33.8280961923888],[-53.457848222481424,-33.82729352506029],[-53.45721508360084,-33.82650425824487],[-53.45636782860025,-33.82554555893552],[-53.455819377062355,-33.82491678748416],[-53.45536896051588,-33.824430798365704],[-53.45476255553011,-33.823819882204035],[-53.4541561554311,-33.82316437527852],[-53.45198008088598,-33.820805537617034],[-53.45114178874635,-33.81980225378346],[-53.44656226345468,-33.81510679945575],[-53.441617094911884,-33.809943182174194],[-53.44119800542663,-33.80932782985622],[-53.44058264714904,-33.80874366826716],[-53.43981116891774,-33.80790982242266],[-53.43867412055488,-33.80678164391624],[-53.43506228851383,-33.803174226825575],[-53.43418824762018,-33.80221555011598],[-53.4338092579445,-33.80171166442334],[-53.43296201934329,-33.800953600610434],[-53.432266366033204,-33.80035611012439],[-53.43165099846235,-33.799687219369325],[-53.43127202158501,-33.79921898763073],[-53.43063885917523,-33.79870175685539],[-53.42345520514195,-33.790844811997296],[-53.42224678824515,-33.789948546723195],[-53.421203377150086,-33.789087972145836],[-53.42019558156029,-33.78812029873645],[-53.41958023048398,-33.78730428285627],[-53.41917444930137,-33.78671120034846],[-53.41842980862963,-33.78614939193639],[-53.41747553224749,-33.7855251190307],[-53.41682452164329,-33.784753703974395],[-53.41276671032578,-33.781039270891625],[-53.4110455256144,-33.77961238338869],[-53.40891857227057,-33.77774400128074],[-53.407727939792956,-33.776290305223455],[-53.40536906016721,-33.774216850238744],[-53.40280955084165,-33.77178664510495],[-53.39919771400489,-33.76886148422637],[-53.39775744383885,-33.7673944449364],[-53.39699489122742,-33.76678796609916],[-53.39622344896556,-33.76603439058531],[-53.39590685017326,-33.76578021788906],[-53.395211293173084,-33.765222855958804],[-53.394292653759344,-33.76450490836824],[-53.39283904996913,-33.763336671968574],[-53.39148795280068,-33.76202567318149],[-53.39029735002517,-33.76085295325962],[-53.389267316368134,-33.75986749163435],[-53.38810788643872,-33.75875713039417],[-53.386868325361476,-33.75761113005652],[-53.38583825648892,-33.75681300643754],[-53.384571880157054,-33.75581414856013],[-53.38383161922284,-33.75523443457404],[-53.38318510155664,-33.754663715673345],[-53.38258306840305,-33.75414643496659],[-53.382043557239584,-33.753687161317124],[-53.38158872352042,-33.75325909723758],[-53.38106256293337,-33.75278195841008],[-53.380349105627424,-33.752228996633704],[-53.379863065702274,-33.75176525777965],[-53.37915851520987,-33.75120789011126],[-53.378262228505164,-33.75062817304934],[-53.37795451850732,-33.750400778110986],[-53.39030179837783,-33.75014214607223],[-53.406590882822336,-33.7431681073609],[-53.40984159323509,-33.74311909222621],[-53.41706976244338,-33.742998651752075],[-53.41957578039413,-33.741910615922336],[-53.42114989252378,-33.74122842393752],[-53.421176593626754,-33.74120167868614],[-53.42333034905457,-33.738784815552776],[-53.425212113012215,-33.7366712051948],[-53.426848568162434,-33.724158967922335],[-53.42723205568343,-33.71679256612801],[-53.42748178104064,-33.71206140976984],[-53.43057193318187,-33.70415990558142],[-53.432917428102606,-33.702617022390726],[-53.43561075354163,-33.700851270889885],[-53.45016079764098,-33.69595960762645],[-53.46372984990844,-33.693944107760906],[-53.466177887457114,-33.69357845963866],[-53.47118990050273,-33.691950908292334],[-53.477267616686575,-33.69136224301363],[-53.477272070191034,-33.69136228660064],[-53.487189110224534,-33.690399109761785],[-53.487857969102926,-33.69059082198469],[-53.49316879866489,-33.6921203446805],[-53.50920814908885,-33.69053733855251],[-53.52280400455957,-33.689195172674296],[-53.52445834251392,-33.68903016633027],[-53.52345056771105,-33.6836747668693],[-53.523450567711045,-33.68367032883207],[-53.520931189466914,-33.67030199305001],[-53.521479619521614,-33.66813930647016],[-53.52334799197548,-33.66087988222868],[-53.52390089581689,-33.65873054964506],[-53.519620205246305,-33.643698960208184],[-53.519397240342585,-33.63950293997098],[-53.519227747846884,-33.63631910332388],[-53.520075049087566,-33.62407003723107],[-53.52081970499954,-33.613328037444504],[-53.52218864001755,-33.59459089433397],[-53.5213191170851,-33.56398809471801],[-53.52159110496211,-33.56232924273126],[-53.52160892944452,-33.562208904649836],[-53.51294936667678,-33.49484076126041],[-53.50771882591324,-33.414010618176675],[-53.50790611384577,-33.41092493709412],[-53.508820201128856,-33.39568818330627],[-53.50676011698554,-33.3823510357942],[-53.50511920186515,-33.355030145614315],[-53.50707223233399,-33.345153221867214],[-53.513479998759024,-33.312780175080036],[-53.51878190352992,-33.272527818642466],[-53.518541117335566,-33.27138189984875],[-53.51936159242488,-33.24387815066769],[-53.518612412413944,-33.21811340987978],[-53.51747978582211,-33.17918993901139],[-53.514955985809294,-33.16336908900426],[-53.514951530080495,-33.163320008807304],[-53.50828069110405,-33.14942097474646],[-53.50601543461037,-33.14616583436162],[-53.478511721637936,-33.10660914938878],[-53.46677539617352,-33.09041813777268],[-53.451338004991285,-33.06912152621439],[-53.43384049690812,-33.05384015261528],[-53.4202580481763,-33.04522964854066],[-53.4031484243639,-33.03438064783989],[-53.362022207052114,-33.0096326082146],[-53.36199099800813,-33.01053333967485],[-53.36199099800813,-33.01053780005953],[-53.352452922507375,-33.00253374609533],[-53.35244847640472,-33.00252926160118],[-53.350241266116065,-33.001748975360925],[-53.34761036785025,-33.00082143866819],[-53.33933872938031,-32.9958941240527],[-53.31639221342361,-32.98223144917738],[-53.285325658603725,-32.96306621012808],[-53.28013080365063,-32.95986013415373],[-53.26517943298774,-32.95149040433937],[-53.25395139366384,-32.94572921901571],[-53.24313365752785,-32.935847852236755],[-53.24889924793181,-32.93414896963958],[-53.27840954768158,-32.92932868177822],[-53.292268492032804,-32.920941123565385],[-53.29461837280856,-32.915492078525716],[-53.29461837280856,-32.91548761680529],[-53.29452030536919,-32.914301500131316],[-53.29423046418769,-32.91089032283669],[-53.28075060045666,-32.8993501030759],[-53.27884656163367,-32.898516252079496],[-53.27884211992049,-32.89851630268436],[-53.271368655495145,-32.895238843946025],[-53.243675370118076,-32.88267527989554],[-53.215982151146676,-32.87011182935863],[-53.20528031563694,-32.86462267567146],[-53.196750083052756,-32.86024829473966],[-53.19221072281051,-32.857256261039396],[-53.18161139631739,-32.85026882402747],[-53.17239888072387,-32.841569085105306],[-53.17131978848246,-32.84153791912399],[-53.17047701018527,-32.8399772178469],[-53.16543828225946,-32.8306220340931],[-53.162410529634776,-32.81588020916839],[-53.15833044222061,-32.80069699782439],[-53.158321491126806,-32.800652380520106],[-53.158321491126806,-32.80064791931514],[-53.156479888284885,-32.79907385086696],[-53.156475453909245,-32.799073899392845],[-53.14619277253214,-32.79027159416728],[-53.146188338775644,-32.79027164253636],[-53.143517295325445,-32.78953586746735],[-53.132481014940275,-32.78649918392529],[-53.12364753510085,-32.786285164282695],[-53.10429059886852,-32.78580800846331],[-53.09619288861781,-32.78408238861803],[-53.094592013240195,-32.78373900203668],[-53.08875511589242,-32.77978382719517],[-53.08055034367064,-32.77421885365776],[-53.0741604751353,-32.7630621803387],[-53.074053431104616,-32.7552141522828],[-53.07392858761272,-32.746318280556395],[-53.07483826024019,-32.7422113896738],[-53.07553828111142,-32.73903206422911],[-53.0862490895151,-32.72737151334948],[-53.099773508045544,-32.716589377013605],[-53.106051952278335,-32.71159075710624],[-53.126733287925816,-32.69601516961657],[-53.16665115926188,-32.66596082952922],[-53.169750213010005,-32.663619725342556],[-53.17663055631416,-32.6537829367409],[-53.1785792013516,-32.65100050121689],[-53.187252170475325,-32.642960719222195],[-53.19349042445071,-32.64242115487974],[-53.197811306557625,-32.641524901026365],[-53.21039933846961,-32.638920784553996],[-53.22321480152102,-32.63317303231725],[-53.22689801182608,-32.631518701163856],[-53.23784959818751,-32.61160880792208],[-53.24374007334344,-32.60533035765054],[-53.25754099091911,-32.60541957248988],[-53.26380153434683,-32.60834025088376],[-53.2658081514265,-32.60928115629579],[-53.26764976374382,-32.6115954203187],[-53.268407788028526,-32.61254968162856],[-53.27209102275349,-32.61489072077147],[-53.27477090790613,-32.616589583162366],[-53.27719220634723,-32.61679473787918],[-53.28232911095,-32.617231703157806],[-53.29408780646754,-32.608028129541644],[-53.30565910800935,-32.59897166662052],[-53.315589590168294,-32.59346023953926],[-53.320445539416816,-32.59135108401121],[-53.3271118849587,-32.58846159589392],[-53.34040001640615,-32.58784182351458],[-53.3504017329141,-32.581398410794186],[-53.358628814490736,-32.57610097055845],[-53.36756930687788,-32.57583789534374],[-53.367765469333804,-32.5760028854687],[-53.36805090227301,-32.576239188203225],[-53.373165491748104,-32.580386194079054],[-53.37627794953472,-32.58291003428093],[-53.3859809249189,-32.58427006240332],[-53.38816587810257,-32.58328009153588],[-53.38982022454854,-32.58253099404096],[-53.403201978549625,-32.569991996524756],[-53.41018939759991,-32.56549720544798],[-53.41147804289499,-32.56466780915234],[-53.41335530720662,-32.564542975966646],[-53.41907193303776,-32.56415061923615],[-53.41907193303776,-32.564146138868225],[-53.435682052640736,-32.534261259777956],[-53.43710895553974,-32.53200939765444],[-53.448180964229664,-32.51460107376869],[-53.44909061763208,-32.51378057514628],[-53.45012955189533,-32.512839685378616],[-53.45564994493147,-32.49630093612004],[-53.45279167001929,-32.48930903030147],[-53.45461093443535,-32.48490788980385],[-53.45967206160432,-32.479909257889695],[-53.47193011582072,-32.48146099855022],[-53.47255884274312,-32.481541290790545],[-53.47360676009569,-32.481518962837725],[-53.4759299278112,-32.481469935351775],[-53.48499970910962,-32.48126926698077],[-53.492901285059716,-32.48473845095069],[-53.49565697634424,-32.48521112577067],[-53.50082951047005,-32.4860895593132],[-53.50417834630879,-32.48413206201911],[-53.506109076406595,-32.482999430022815],[-53.51499163164915,-32.48711068336078],[-53.519111809917526,-32.48715530113827],[-53.52045851625916,-32.48716865649583],[-53.52176943249629,-32.48613411438574],[-53.52650950115594,-32.48238849180708],[-53.53074114580287,-32.481398557348],[-53.53248916678677,-32.48098836591617],[-53.5324936235491,-32.480988362149716],[-53.539570220292156,-32.47389835906496],[-53.54755196324157,-32.47273011493413],[-53.5510702031955,-32.470241929409056],[-53.55375462309858,-32.46673703699048],[-53.55716136540058,-32.462300226442444],[-53.563011676649424,-32.458625980695025],[-53.57297778761018,-32.45236983560762],[-53.57761973367438,-32.44209163305205],[-53.5776464901816,-32.44205595973058],[-53.58293942656793,-32.435621490655436],[-53.59167926503359,-32.43298170953997],[-53.593850856103934,-32.43201402594962],[-53.59492994296039,-32.431527977106704],[-53.59929096787572,-32.42273019252403],[-53.60213586711934,-32.42071024590742],[-53.60658157089709,-32.41754872599447],[-53.606108941784804,-32.41175187053786],[-53.60573883748613,-32.4072080489918],[-53.60606879199031,-32.40215144136404],[-53.609007300732436,-32.39772799981605],[-53.6106482357437,-32.395248735811805],[-53.624360042989856,-32.3922388624726],[-53.6273208259209,-32.3904909142384],[-53.62732082592089,-32.39048641930344],[-53.62962177170223,-32.38913087711404],[-53.63141429992431,-32.386183397019536],[-53.632422021597144,-32.38452905117167],[-53.63244433475859,-32.382901510279346],[-53.63263160028957,-32.370621114586136],[-53.626767911833994,-32.364449721399886],[-53.62677237413458,-32.364445287840816],[-53.6278515148347,-32.35897844909033],[-53.62324971709137,-32.35133998747329],[-53.626197152690516,-32.347576473759986],[-53.62881018538495,-32.34424111950456],[-53.63346099543782,-32.332491321651155],[-53.633701815927374,-32.33222380938207],[-53.64456861985478,-32.32017978433845],[-53.64454638579881,-32.319332557027714],[-53.644408104993964,-32.314061885948576],[-53.63895906559374,-32.31358027186084],[-53.635521134359784,-32.311230397752276],[-53.633411988478755,-32.303199531395755],[-53.63528030812134,-32.29457114612911],[-53.64425205379508,-32.291721805521206],[-53.64655293213424,-32.28293291419361],[-53.64793975794115,-32.27763996261364],[-53.65075341053824,-32.27685072064216],[-53.65590817155188,-32.27541038962453],[-53.65737519033668,-32.273644594468195],[-53.66145969572181,-32.26872172599323],[-53.668210806297594,-32.264998438996045],[-53.67024864990328,-32.261440076420605],[-53.66843825959159,-32.250051514957796],[-53.669303266271264,-32.244562316215955],[-53.669798280712676,-32.24141868475202],[-53.66879494343805,-32.23878336494302],[-53.66777830791821,-32.236130170817354],[-53.67466756812273,-32.22871474043942],[-53.67548361133847,-32.22783626340413],[-53.682511171436666,-32.2202691974677],[-53.68463813108899,-32.20996863063619],[-53.69304797438463,-32.2109006014369],[-53.69753834973914,-32.20863095553459],[-53.69754273346538,-32.208626476938235],[-53.699848111971974,-32.20316849412131],[-53.69768102775031,-32.199570013902445],[-53.694211835593634,-32.19811638501769],[-53.692013482704766,-32.19719331107346],[-53.69200901658936,-32.19718882822541],[-53.6918930630917,-32.19485671984206],[-53.691821770800196,-32.19339860178691],[-53.70198845734049,-32.19223922097438],[-53.70249236865261,-32.191820102288354],[-53.70374984532061,-32.19078111665979],[-53.70428048648587,-32.189661879982246],[-53.70553790979177,-32.1869997878495],[-53.70461045367222,-32.182781538309484],[-53.71513838543953,-32.17383209774315],[-53.71132136321903,-32.16409788351273],[-53.716297783908665,-32.160347796345484],[-53.71932103884295,-32.15806919785311],[-53.72973746274712,-32.15690086310687],[-53.721671006519124,-32.14966379372589],[-53.721671006519124,-32.14965928606112],[-53.72148815604731,-32.149235726615885],[-53.72048041783112,-32.146908047515296],[-53.72854244609498,-32.13718275598378],[-53.733822024871664,-32.130819601700125],[-53.73433930295231,-32.12893785962647],[-53.735391661392896,-32.12515207630279],[-53.731079706591935,-32.114789153092445],[-53.731365022285,-32.10952740439903],[-53.73140962364495,-32.10868013652792],[-53.726732083454756,-32.10736917048015],[-53.72320936714103,-32.11111927499888],[-53.720248507536546,-32.11024976536862],[-53.71414843484912,-32.10407836621807],[-53.71462115410267,-32.10394016609343],[-53.72856917282535,-32.09980207874498],[-53.73866906793897,-32.08514949381869],[-53.74217834198641,-32.082028139170376],[-53.7617716999063,-32.078639195043806],[-53.7657581262596,-32.07594148904724],[-53.77320031173014,-32.07496044253047],[-53.77760148526203,-32.07212001417152],[-53.780927971338635,-32.06997068495919],[-53.78888744668055,-32.07024273290554],[-53.798238201629125,-32.070559313920064],[-53.80544854207956,-32.068097897601184],[-53.80957324001458,-32.064454845394806],[-53.81369790991051,-32.06079838173347],[-53.8137023831027,-32.06079834896836],[-53.821389863974964,-32.06024093854671],[-53.82635286166444,-32.05798469000598],[-53.82684781192792,-32.057761674015225],[-53.8296213816385,-32.05419885387582],[-53.8312400337378,-32.04347026117524],[-53.83672022144879,-32.04078146663887],[-53.83882940883532,-32.030271364162886],[-53.83883388348275,-32.03027132906596],[-53.8429896997507,-32.03048092041653],[-53.84896050799879,-32.03077970700001],[-53.850231318945326,-32.028050689041706],[-53.8484298631711,-32.019266273131024],[-53.848371851306865,-32.01898092447476],[-53.848978326059424,-32.00971931429607],[-53.85098491455398,-32.0028612108956],[-53.85098938990449,-32.002856806781274],[-53.85156016496871,-32.00089924258532],[-53.852260234163786,-32.00033741405092],[-53.852679350478745,-31.99999848423637],[-53.8576690560213,-31.995561705083514],[-53.861477172803305,-31.99516925863082],[-53.86302893627619,-31.995008766718747],[-53.865641996831194,-31.99577131566921],[-53.87411872058491,-31.99824158863791],[-53.8793938467029,-31.996854801806695],[-53.879719341257086,-31.996770074289756],[-53.88446826812722,-31.993251845913772],[-53.89636068096528,-31.974479046915118],[-53.91135669541313,-31.965449388546716],[-53.91672990701575,-31.962212061007182],[-53.92718202900548,-31.961329195216305],[-53.92992882554807,-31.960263452291734],[-53.93462871883626,-31.95843964353526],[-53.93632763621312,-31.95600948234021],[-53.93632763621313,-31.956005034768975],[-53.93981021325701,-31.95101973360047],[-53.94578988256382,-31.95558137582596],[-53.94801936966893,-31.957280298842715],[-53.953388141341364,-31.957182173901693],[-53.96075010934894,-31.951091057510688],[-53.965338567978826,-31.941388046369767],[-53.958788155677354,-31.926851423787966],[-53.95926527768733,-31.924265134823006],[-53.959510520697826,-31.922949707768183],[-53.96338098075464,-31.920350021116356],[-53.9647811494364,-31.91940913602834],[-53.97171056970712,-31.917451578955557],[-53.97402936734709,-31.917335725350732],[-54.002268853984454,-31.915957801617605],[-54.00404796593336,-31.9154673173846],[-54.00758853979414,-31.91448184140489],[-54.010165928489265,-31.912475278450128],[-54.01181126299895,-31.911199984172324],[-54.0140006944424,-31.90641089439061],[-54.016141102852785,-31.901728866263127],[-54.01994468280595,-31.89636451663683],[-54.02246857247157,-31.89280168236135],[-54.025045869385124,-31.891214254579214],[-54.02751177788875,-31.889698163732657],[-54.035551542027626,-31.887227795785396],[-54.04392130151103,-31.88705841805634],[-54.05151962540578,-31.888289096042286],[-54.05259423968235,-31.88869932571821],[-54.0567010585061,-31.890259993281006],[-54.06197175176285,-31.894991148191956],[-54.06554344630245,-31.899851514904103],[-54.066470988208735,-31.901108991210297],[-54.0698286301555,-31.905189065904285],[-54.077699010668866,-31.906410930394852],[-54.08220263806021,-31.906682857986155],[-54.0890697070447,-31.907102036268938],[-54.09300260192821,-31.90617011749735],[-54.09550863733416,-31.905581507091533],[-54.09738588831654,-31.90380677630088],[-54.10023976128883,-31.90110900676733],[-54.100739112385035,-31.90052036391007],[-54.105198243417895,-31.89524083133968],[-54.10871203109217,-31.892239846284838],[-54.111271534707726,-31.890050452120892],[-54.117639180986245,-31.886229020937904],[-54.119833058676285,-31.88535502694588],[-54.12619166501734,-31.88281779972161],[-54.134998436489404,-31.879410998057597],[-54.137647130878015,-31.878617335974862],[-54.144108327877774,-31.87669099945684],[-54.14919177682338,-31.874969760515622],[-54.15147030887665,-31.87261977275338],[-54.152848208686784,-31.87120182193009],[-54.157289482360675,-31.865810796568024],[-54.16256906583778,-31.86154784367302],[-54.165850917150976,-31.859050800446386],[-54.17128210943002,-31.854908300421876],[-54.17934861799438,-31.849686656689244],[-54.18930137510667,-31.843238806156755],[-54.193929902078175,-31.84056782196027],[-54.20176903136501,-31.836050722010157],[-54.2152800888004,-31.82747140556869],[-54.23222019359759,-31.816038303624403],[-54.24269464862933,-31.80897064769882],[-54.259741809155216,-31.797470589350546],[-54.28732576295026,-31.77936216578306],[-54.29280159193045,-31.77576816977957],[-54.29633319388892,-31.773190823515606],[-54.302571407676325,-31.768638006981977],[-54.31083862601251,-31.763273766256244],[-54.31084304422658,-31.763269279419486],[-54.32611101366723,-31.753361175354442],[-54.3393456797225,-31.744728314587178],[-54.35757895164174,-31.732840391999535],[-54.367054514981646,-31.725839602641553],[-54.369181527674996,-31.72427002109289],[-54.39257837495178,-31.709630741421602],[-54.40435041477427,-31.702268754065916],[-54.424162243383044,-31.68914118847401],[-54.433838421669236,-31.683589618987124],[-54.43422197629463,-31.683371137461783],[-54.440018765386924,-31.67931782031078],[-54.44853118375774,-31.67542947361597],[-54.44971730204495,-31.674769496701714],[-54.455411563357394,-31.6715901401757],[-54.4589655126507,-31.668803251539238],[-54.45934893594169,-31.668500015111796],[-54.4601872787964,-31.667068647772457],[-54.461400126894006,-31.66499069219876],[-54.460967668711646,-31.66353254727532],[-54.4607892741207,-31.66293059127834],[-54.46052619292734,-31.66259172314744],[-54.460428059685306,-31.66246235729387],[-54.459389107382684,-31.66112017803552],[-54.45718187910961,-31.659559544797396],[-54.451630292634256,-31.654618858269355],[-54.451625783174215,-31.65461878474909],[-54.447501152175306,-31.651947816242735],[-54.44746098663719,-31.651925507819872],[-54.44145015906196,-31.64817099182827],[-54.43650054872709,-31.645058482770526],[-54.43045847745831,-31.641740979513397],[-54.42632933338584,-31.639069906590706],[-54.42352904901627,-31.635681067152404],[-54.421986195946296,-31.63342474725502],[-54.4212816456481,-31.632390182850568],[-54.421937110963164,-31.631284381695167],[-54.42340858821131,-31.628809509727354],[-54.427444081295434,-31.625523169907776],[-54.42889779312794,-31.62434154787971],[-54.43526978935401,-31.62282989659714],[-54.43527429790172,-31.622825415991475],[-54.43568900187518,-31.622473204433224],[-54.43997860356639,-31.61883004380811],[-54.44354147722423,-31.612560596063187],[-54.447920261132225,-31.59802833113478],[-54.45278071420836,-31.590358748259213],[-54.4589610027818,-31.58460204267394],[-54.4608382991868,-31.58284959598894],[-54.46541780557474,-31.574961437067245],[-54.465422232280616,-31.57495699982233],[-54.46837865767467,-31.573525603794206],[-54.477809687562875,-31.56895057291265],[-54.480650112355136,-31.565155921990964],[-54.48321854285479,-31.561731273979202],[-54.490741016133136,-31.541045480123483],[-54.49074552777123,-31.54104554772212],[-54.491120078157834,-31.540011025950758],[-54.491659640956065,-31.539105793242584],[-54.49417904066782,-31.534878597889612],[-54.50481395161552,-31.51701990008638],[-54.50537132099931,-31.516087934365533],[-54.526030361342386,-31.500958166621235],[-54.53123863557428,-31.498996172947],[-54.53316943202745,-31.498269342211966],[-54.541169041360966,-31.497859121027357],[-54.54723784272269,-31.495201530936672],[-54.55670010537046,-31.490871720875834],[-54.56927919269117,-31.485101631875335],[-54.570389549651416,-31.484588883591098],[-54.57192786684383,-31.48399134893279],[-54.5719323829857,-31.483986846918665],[-54.584110148086836,-31.479237955239153],[-54.59313984495265,-31.476201261527354],[-54.60829190370918,-31.46987829852895],[-54.61707633101634,-31.466529528262143],[-54.62055885116927,-31.465200708940777],[-54.62566009791049,-31.463791584299184],[-54.62566453333324,-31.463791616383666],[-54.63179133663467,-31.462101603813174],[-54.633311893874954,-31.46170026024668],[-54.63831056460791,-31.46038040371345],[-54.643046120026966,-31.46007272845889],[-54.64632800620268,-31.45985864120682],[-54.65519269280174,-31.45964465954765],[-54.65983905344646,-31.459528704269122],[-54.67367118962912,-31.457620173357782],[-54.68307990553983,-31.454877867493146],[-54.685037485743976,-31.45405294395759],[-54.69099928464795,-31.45153795667148],[-54.701500419957696,-31.448461196664795],[-54.70369432472047,-31.44750248482558],[-54.71518096501656,-31.442481570045757],[-54.722828358560584,-31.441112607684087],[-54.72535220335527,-31.440657776557423],[-54.72771105666764,-31.440457086914844],[-54.73592022711492,-31.43976146606623],[-54.753819123994944,-31.439618829801738],[-54.75734179980384,-31.43997105755753],[-54.76629119534619,-31.440871791603268],[-54.7842212279327,-31.441348956792815],[-54.78920205214638,-31.44200890691935],[-54.80001095159603,-31.44344030302908],[-54.81250087597984,-31.44530863185807],[-54.818195137794405,-31.446138043309332],[-54.82351933928982,-31.446909456369937],[-54.82867844398399,-31.448028640272838],[-54.83244197847322,-31.447074435737058],[-54.83555889439248,-31.44628069239162],[-54.840918691988264,-31.444216144637654],[-54.84601988570504,-31.442249667521576],[-54.849988535870054,-31.439685704335243],[-54.85208877886232,-31.438330174454514],[-54.85731930866726,-31.431298108787377],[-54.85832705079053,-31.430089704893174],[-54.863981223468585,-31.423298510932426],[-54.86924288307922,-31.416542931444518],[-54.87095968774344,-31.414340178977113],[-54.882370528442046,-31.406518890613647],[-54.88546958224579,-31.4043963518454],[-54.89093199047194,-31.400659634480608],[-54.90103181601429,-31.397261834665702],[-54.916322073004494,-31.39559855432176],[-54.92859801618215,-31.394666623826595],[-54.92906619787004,-31.394630951038973],[-54.92907064955634,-31.394630966724456],[-54.92966373387462,-31.394532831419784],[-54.93851060374065,-31.393119334624586],[-54.94207343726579,-31.392486096123445],[-54.944681982259695,-31.392017890425944],[-54.948490060752334,-31.386279079683487],[-54.94975195329986,-31.380919200702856],[-54.94968062478019,-31.379077604624477],[-54.94946218681638,-31.37309793067381],[-54.94996157044259,-31.37013266629404],[-54.95035845820096,-31.367751459809433],[-54.95196812445328,-31.36174952092786],[-54.95318999254649,-31.360402919056707],[-54.955468597575795,-31.35788794934509],[-54.95905366067341,-31.355172383352027],[-54.9597403923053,-31.35465062873177],[-54.96497092882279,-31.347930805354412],[-54.96735203649962,-31.343159527396704],[-54.96772219992653,-31.342075952770905],[-54.968658582014946,-31.33936928792354],[-54.97049574639456,-31.336323742139733],[-54.97210991605908,-31.333639369271047],[-54.974303817912094,-31.329791185388107],[-54.97519119375504,-31.328230475292802],[-54.9775723385542,-31.325684318008406],[-54.98361883115121,-31.319232024420206],[-54.99526154583078,-31.30825814750522],[-55.000001583388645,-31.30219819869261],[-55.00327009230028,-31.29802006378918],[-55.010578627035265,-31.288419647571374],[-55.012036676929114,-31.28708190351495],[-55.01444904728459,-31.284861214296964],[-55.016660783662545,-31.28456246390332],[-55.017369762324634,-31.28446886588727],[-55.01955920874466,-31.28471853849648],[-55.01976883152034,-31.284946020844302],[-55.019956088246495,-31.285146603121845],[-55.02183784379357,-31.28717109424259],[-55.023068545863026,-31.290653626689572],[-55.02347872781172,-31.291821911543366],[-55.02586880463483,-31.29707921003185],[-55.0301406372603,-31.30386144182237],[-55.038831458568254,-31.31175853244354],[-55.04960018245412,-31.31836691767988],[-55.05153988095537,-31.31956195985964],[-55.06228187084415,-31.32365096394818],[-55.07697902392614,-31.326058901118348],[-55.08805100109853,-31.32574672206539],[-55.09119911962857,-31.325662051834087],[-55.09367391944906,-31.32523391075896],[-55.104259810513234,-31.323419048420327],[-55.10896420441606,-31.32277696783497],[-55.11588023945066,-31.32183164950567],[-55.12952068730284,-31.31581185762884],[-55.13625390976287,-31.311977081850312],[-55.14167169000658,-31.30889137270154],[-55.148128477898524,-31.304851434340353],[-55.15165113476359,-31.302648612777343],[-55.16225939555994,-31.293890960204287],[-55.16493925154652,-31.291433960808725],[-55.16790010292076,-31.28871835614513],[-55.17425880052961,-31.28352800417327],[-55.17857971316972,-31.28095506610879],[-55.178584177992654,-31.280955066253103],[-55.1853218613844,-31.276941930292562],[-55.191702834084865,-31.274208491290715],[-55.193941262309956,-31.273249767125705],[-55.19567141439997,-31.272754772012647],[-55.20367999507757,-31.270458391063205],[-55.212517915568355,-31.268567719862144],[-55.218872090152715,-31.26721209720881],[-55.22344718505914,-31.266356010589302],[-55.22684946004492,-31.265718358177164],[-55.23834056269308,-31.26100058177019],[-55.245100564550114,-31.256728782825906],[-55.24745049494102,-31.253848181936153],[-55.24927876885747,-31.25160079185537],[-55.25338997676257,-31.244898764377897],[-55.25669866338615,-31.236341737277026],[-55.257149010761616,-31.23503523507817],[-55.25931173969638,-31.228747953616153],[-55.26336060477961,-31.220480729766575],[-55.26643288076485,-31.21496035227456],[-55.26778846791056,-31.212521219823927],[-55.27156086513283,-31.20646133333175],[-55.27429431821517,-31.203424720459033],[-55.276791372878186,-31.200660030753674],[-55.28143331382204,-31.194537694564165],[-55.28165176227657,-31.19424786923011],[-55.28189703247518,-31.193846519774766],[-55.284380812094504,-31.189779877470386],[-55.287435280993385,-31.18405435041706],[-55.28743975147975,-31.18404989480593],[-55.28719893598729,-31.17811035957307],[-55.28758238542129,-31.17375829190533],[-55.28758238542129,-31.173753844265917],[-55.28769836529336,-31.172451754806442],[-55.28967814467609,-31.167381790106546],[-55.29596108830671,-31.160300698961468],[-55.301989797049956,-31.15605124223019],[-55.31269157242319,-31.15008939367145],[-55.318350180635925,-31.14645967810697],[-55.33009991114961,-31.138928218876696],[-55.33136628375239,-31.1375592969109],[-55.33219121656371,-31.13667196436907],[-55.336378367616284,-31.132159326407653],[-55.33930799154563,-31.127446040745507],[-55.34015072409186,-31.126090524269213],[-55.340333535258964,-31.125024773420154],[-55.341617781925265,-31.11757808665371],[-55.34161778192526,-31.108499321473246],[-55.343071444513306,-31.09937155030957],[-55.346228516017106,-31.08735873304304],[-55.346892879664146,-31.08549039555001],[-55.350478049715186,-31.075328095993324],[-55.35315795019098,-31.069874610894278],[-55.35484791364769,-31.06641883360155],[-55.360939061724686,-31.054958922311624],[-55.36817175280025,-31.044711927185286],[-55.369732410064096,-31.042839079136986],[-55.374080024848034,-31.03763977933305],[-55.378226980690215,-31.03428650076326],[-55.3825300134112,-31.03079950798238],[-55.385593436459686,-31.029096159118854],[-55.389660124673746,-31.02683091881066],[-55.39545255138304,-31.02439622278254],[-55.39931852194622,-31.0227686342579],[-55.404687333001156,-31.020735358245208],[-55.41007835249482,-31.018688572235945],[-55.42192177590726,-31.014568407180306],[-55.42725928471103,-31.011589695263837],[-55.43152215955678,-31.008949912249477],[-55.43408170809441,-31.004950105532178],[-55.43562014324004,-31.002551097363252],[-55.43616411092757,-31.001249056258096],[-55.43760887785465,-30.99778877779487],[-55.43882172657294,-30.99180018772733],[-55.44037798977823,-30.985481666209544],[-55.44221067779407,-30.98010399160457],[-55.44296872510565,-30.977878937939824],[-55.44481034020521,-30.974414201059215],[-55.446009768483655,-30.972148904009263],[-55.451659488165646,-30.967899450622948],[-55.45812961634895,-30.9645952070595],[-55.459489638901296,-30.963899598900348],[-55.472358669492905,-30.958169670823636],[-55.47579211701399,-30.956881003530533],[-55.48417968480102,-30.953741771628295],[-55.4911270307554,-30.950468800685158],[-55.49274121035186,-30.94971075016879],[-55.497311752176124,-30.945800118632135],[-55.499746394098274,-30.941550552139585],[-55.50206069407305,-30.937510684817223],[-55.50947176898986,-30.923491228425792],[-55.51633874649397,-30.91387299754547],[-55.51633874649397,-30.913868533228445],[-55.51666426069882,-30.913614321418702],[-55.52127055555517,-30.90995787640867],[-55.52550223356406,-30.90727792635197],[-55.54676765263237,-30.893798120485044],[-55.54677213644443,-30.893798089870234],[-55.562548446548185,-30.88859879529756],[-55.56497414907088,-30.887038093613654],[-55.56715020495469,-30.885637898222285],[-55.572759745158905,-30.880759678191144],[-55.57326809008138,-30.879564612332583],[-55.57573843253542,-30.873767815033666],[-55.57761127087272,-30.866499509138862],[-55.58057209524946,-30.85919988714586],[-55.58329214660163,-30.85471854619514],[-55.58368451662986,-30.85434843879167],[-55.583911932929695,-30.854138826690743],[-55.58713145561771,-30.851151270330252],[-55.59353022340108,-30.84781134433396],[-55.601119658685086,-30.846629756736753],[-55.61142465183924,-30.847485852518854],[-55.61205784284382,-30.84753937259743],[-55.623812024494846,-30.85029959709489],[-55.62394132188651,-30.850357497297125],[-55.631218605176386,-30.853510140342383],[-55.63538780991931,-30.857451974411518],[-55.637880466932224,-30.86459095710685],[-55.640408763766565,-30.872661938153517],[-55.64105977756976,-30.87922129969831],[-55.64035083588026,-30.888019114541294],[-55.63974437383311,-30.89122521388476],[-55.63916018906511,-30.894328724610954],[-55.63832634777111,-30.89646462711737],[-55.635570645293356,-30.90354123059456],[-55.6347992502518,-30.91108153365665],[-55.635655415319114,-30.915393522333506],[-55.63664971195079,-30.920427863157734],[-55.638848111652294,-30.929132026483593],[-55.64283897430582,-30.937158394601813],[-55.64794021924158,-30.94576895097335],[-55.65108829719974,-30.951311537839445],[-55.65339809930985,-30.95327355110948],[-55.6571304158834,-30.95644846241826],[-55.662369882913886,-30.95973038018773],[-55.66719463683746,-30.960827313722493],[-55.670828750623485,-30.961652207744336],[-55.67806590573102,-30.96079160811355],[-55.67807031147408,-30.960791625321978],[-55.6837556810178,-30.95911948826025],[-55.68376017177379,-30.95911945362129],[-55.68524950536568,-30.95867799358387],[-55.691782040320206,-30.958160755038634],[-55.69761014748935,-30.9582811227128],[-55.69829683420505,-30.95869135752606],[-55.702091545310005,-30.960952139625306],[-55.71381000744056,-30.97091820245515],[-55.72065920281014,-30.97758908543985],[-55.72591648029023,-30.9814417328601],[-55.7296799821251,-30.984201928577324],[-55.73450914449806,-30.987439221117192],[-55.73681008887901,-30.988982068166983],[-55.74452877390718,-30.994743201661855],[-55.74847951833387,-30.997690640663944],[-55.75518602523314,-31.00248418803625],[-55.759382066128545,-31.005480730678244],[-55.76794800665479,-31.009899743097684],[-55.77360661540569,-31.014109072323222],[-55.77361102586387,-31.014109087051455],[-55.780652005172755,-31.017011953482914],[-55.788468800152536,-31.020829004078923],[-55.797168509830996,-31.028061668611176],[-55.80512792668258,-31.035008871582466],[-55.808543648423104,-31.038634124977875],[-55.81314990674075,-31.043521341801323],[-55.81603939654577,-31.04520689861999],[-55.820262128668695,-31.04766829087276],[-55.82624626994427,-31.050696014754582],[-55.829581658255755,-31.05238155885274],[-55.83456693655279,-31.055065940248536],[-55.837799761829665,-31.056809468577107],[-55.83813426303861,-31.05692983168227],[-55.84335140332171,-31.05882053275357],[-55.84734231833291,-31.06130422872826],[-55.84859974439892,-31.062089027982093],[-55.85582792853322,-31.06834064887566],[-55.861870040159644,-31.073557857575942],[-55.869789409569215,-31.07955977452499],[-55.86979382474226,-31.079559787146444],[-55.87014610530271,-31.07967121697156],[-55.875332064968816,-31.08125873632127],[-55.88221693775264,-31.081811652423642],[-55.88631037330577,-31.08214159112849],[-55.890519748948336,-31.082226322719706],[-55.89797984188373,-31.08237795085052],[-55.90227393317861,-31.082386840811196],[-55.90671967910835,-31.082391286768914],[-55.915932172618255,-31.084589616335172],[-55.92773986419002,-31.087951783966027],[-55.9288858321798,-31.08815692593764],[-55.93363035128114,-31.08900864936576],[-55.94381047947656,-31.088660783219204],[-55.9510609660876,-31.087791291322084],[-55.955355103839295,-31.08617711453059],[-55.957499868995725,-31.085369967978373],[-55.95948422121453,-31.084531706037207],[-55.96393888739574,-31.082649979016107],[-55.97312904578507,-31.076688074084483],[-55.975817928852756,-31.075328109239816],[-55.98309961353794,-31.071640409615256],[-55.98953857020867,-31.069228034030104],[-55.994581793143176,-31.067801118386463],[-55.99986133430085,-31.065767750631252],[-56.00172977642428,-31.065049841895053],[-56.00781195873313,-31.06264194221688],[-56.01062117295293,-31.05638137365218],[-56.01101804998165,-31.054455079916096],[-56.01199013810599,-31.049772967752567],[-56.01281953788435,-31.045759761951434],[-56.012761540033985,-31.0424511045965],[-56.012658980875415,-31.036359967213695],[-56.009671379318995,-31.02292915873036],[-56.01157097645333,-30.993958451438036],[-56.00997011807413,-30.987818201950112],[-56.006019413091934,-30.98268134923427],[-56.006019413091934,-30.982676870086085],[-56.006215587981956,-30.98209720526185],[-56.006719505125666,-30.980590019568382],[-56.01092884391703,-30.97952878004649],[-56.011539766887964,-30.978378300324366],[-56.01166911232228,-30.978128629449795],[-56.00297828846923,-30.968100070063315],[-56.00754885709109,-30.96312821430183],[-56.007954649597785,-30.95548526618446],[-56.00840951010416,-30.946807859622886],[-56.011223164732975,-30.945421071951337],[-56.01388076897459,-30.94411015399041],[-56.013929838135255,-30.943985300304828],[-56.01484838026355,-30.94167993772468],[-56.01556189171743,-30.939918542624458],[-56.01425087185509,-30.938335577958423],[-56.003749699384265,-30.925631645495784],[-56.002599217899345,-30.921662984759873],[-56.00250117679885,-30.921319698416003],[-56.00400386165985,-30.9183899867482],[-56.005029446360474,-30.916387864105104],[-56.00727240559984,-30.912026858210382],[-56.00861904092498,-30.909409410505646],[-56.00848085597502,-30.900241525754566],[-55.99171015633491,-30.869014386956565],[-55.99171015633491,-30.86900998183591],[-55.987902050384236,-30.86192000476948],[-55.98755874967387,-30.861059367848302],[-55.987010219371705,-30.859659195774718],[-55.99117954045388,-30.845760179828453],[-55.997457941645656,-30.840016887574617],[-56.00394144770669,-30.83409069919812],[-56.0037987631074,-30.82678668055925],[-56.00371849248915,-30.822858222264962],[-56.00773610646904,-30.817672288090513],[-56.00774061338432,-30.817667826089796],[-56.014469345513035,-30.813779527006645],[-56.0148930277181,-30.812629113545164],[-56.01565994682542,-30.810528861520034],[-56.01087093230489,-30.80449123896187],[-56.01125437419029,-30.80242219875972],[-56.011298934850785,-30.802181377351552],[-56.021960696853455,-30.79700883979432],[-56.023097728824446,-30.79518505684746],[-56.024439919306474,-30.79303133032949],[-56.024439919306474,-30.79302684430839],[-56.02144785064323,-30.788313604611666],[-56.02015919901929,-30.78628917304827],[-56.0212338679001,-30.784661599139827],[-56.02139886249889,-30.784411852818728],[-56.02574649230582,-30.783439792903685],[-56.03350083643178,-30.781709704408375],[-56.03758985083273,-30.772171641510287],[-56.04113929490706,-30.772265279703277],[-56.041308748869554,-30.772269722704173],[-56.04814450383877,-30.776626287734405],[-56.048149012743444,-30.776630794468453],[-56.05134171318849,-30.774089054970386],[-56.05328139592186,-30.772550633958847],[-56.059871978282565,-30.771641049734754],[-56.06715814195434,-30.76245079777796],[-56.064719032364074,-30.74946145342755],[-56.064719032364074,-30.74945696459433],[-56.0657401064668,-30.74420865242122],[-56.065798137852525,-30.74390987170898],[-56.06859840850505,-30.74128794239025],[-56.0750284027082,-30.742451695076124],[-56.08141833696717,-30.747677804822967],[-56.08688076109677,-30.752150303750515],[-56.08941348596207,-30.75206112577617],[-56.090849334800325,-30.752012071701643],[-56.10053896351215,-30.737230136167177],[-56.1005433898655,-30.73723012662188],[-56.105711472716244,-30.734068629223447],[-56.10906919642171,-30.734064155343162],[-56.11260973837077,-30.7340597320854],[-56.112993264805446,-30.73426038440714],[-56.12130941250234,-30.738590171399608],[-56.12553669250091,-30.738755150101866],[-56.12743178990921,-30.738830911968474],[-56.12865808519848,-30.737684978116718],[-56.130999092533244,-30.735499993143236],[-56.12999134431323,-30.719242117817867],[-56.13003144967233,-30.71906372314875],[-56.13176161655539,-30.711380750071633],[-56.134758128712086,-30.707380929095105],[-56.13906113347653,-30.704959654841364],[-56.145629411781066,-30.701271933498575],[-56.14837172599641,-30.69727214764713],[-56.148639318899484,-30.691528806048996],[-56.147899054236824,-30.690458631887214],[-56.14180793668254,-30.681660796492682],[-56.14277110418273,-30.679342095382463],[-56.14277110418273,-30.679337601579856],[-56.16039790402957,-30.67024106358318],[-56.16829946429426,-30.66307975915685],[-56.17051113942643,-30.653358905712796],[-56.16742990359923,-30.64407061203207],[-56.16836190465432,-30.64127922351632],[-56.178381444146865,-30.634278411637734],[-56.179331275847616,-30.63124624832058],[-56.18093209951909,-30.62615838590885],[-56.17729343918223,-30.619558871406532],[-56.175719428444076,-30.616700603273806],[-56.17584874916735,-30.616424182801353],[-56.17692779195799,-30.614132169304792],[-56.18319280949523,-30.60936536978495],[-56.18737997561962,-30.60618159603585],[-56.18953817166347,-30.604531744472627],[-56.190510270910515,-30.603791577563943],[-56.19149124175656,-30.603813824591484],[-56.191749842155865,-30.60381828257378],[-56.20146180975302,-30.604005545692182],[-56.20324989524857,-30.60404125618016],[-56.204431517976936,-30.603675612416993],[-56.21161071452299,-30.60145049722848],[-56.21741646698634,-30.6010848798006],[-56.21953896688172,-30.600951049559907],[-56.219543484159985,-30.60094663353901],[-56.231377886412766,-30.587448889778603],[-56.231926338294144,-30.58582138125454],[-56.232077985724054,-30.58536204102231],[-56.225790663663574,-30.58121955865077],[-56.22508166176507,-30.577349065267036],[-56.229803811648075,-30.575181955790146],[-56.23104791326683,-30.574611172707],[-56.235399970284284,-30.574236592396552],[-56.24900028625634,-30.573068340282152],[-56.252830608474596,-30.575458386175512],[-56.25335684777797,-30.57672036517547],[-56.256701162791636,-30.58472892237498],[-56.257294187332555,-30.584706580441537],[-56.258819185786535,-30.584648609162773],[-56.26282795722491,-30.579690062826874],[-56.26304198831929,-30.57584631282838],[-56.26311779466916,-30.57440160386131],[-56.25926061716206,-30.565590375456132],[-56.26164184160614,-30.559771286655568],[-56.26397835880671,-30.557956427335622],[-56.264089895048315,-30.557871755761628],[-56.265989442500405,-30.556400220494144],[-56.278729073749844,-30.551129508336],[-56.27938014755302,-30.550478515880386],[-56.282777932557266,-30.547089625911735],[-56.28535976537111,-30.53987923828506],[-56.290180070983844,-30.535348779330786],[-56.29017563558127,-30.535250736749035],[-56.290090851195515,-30.53328868835396],[-56.290376252461876,-30.530301085969615],[-56.29097827627742,-30.524071752659527],[-56.292748545558865,-30.52239960374246],[-56.29719424070881,-30.522582396045014],[-56.298861921300855,-30.522649280646103],[-56.30791832908585,-30.529440449365364],[-56.31660472399307,-30.530501717839073],[-56.3209791104936,-30.531041315412534],[-56.33115031093163,-30.527460668710653],[-56.33497623028128,-30.524343723924474],[-56.334980667803286,-30.52433926875673],[-56.33193060355367,-30.515960607919997],[-56.332635125295155,-30.513628533960723],[-56.3337588211003,-30.509931914775883],[-56.33681781992056,-30.507292108109397],[-56.3443893683391,-30.504951117005874],[-56.34644049926396,-30.503024762971712],[-56.34793878424198,-30.501620143632785],[-56.34919179725644,-30.49637177452276],[-56.34919179725644,-30.496367345453933],[-56.350369035302684,-30.491431134204717],[-56.352580760012806,-30.490369838639264],[-56.353476970138736,-30.48994175740127],[-56.35348149388768,-30.489941752774413],[-56.35931842076333,-30.49019145216823],[-56.359840136715654,-30.490762264816638],[-56.36154794015741,-30.492639527177374],[-56.361151097378915,-30.493714152400646],[-56.35991149730299,-30.497058474531794],[-56.36146326201399,-30.4994931986641],[-56.36276980644089,-30.501539895608413],[-56.38285800929978,-30.49558700830577],[-56.38392817294738,-30.495270412444043],[-56.38456136309037,-30.49461932532642],[-56.38548443146815,-30.493674036541734],[-56.386710706468186,-30.492421057796644],[-56.38865039150152,-30.48316389307982],[-56.38865039150152,-30.483159462262385],[-56.39666784326615,-30.479199783659872],[-56.39319865112016,-30.473130982789208],[-56.39549959072605,-30.471440968462968],[-56.39550403110014,-30.471440936461427],[-56.40024851928952,-30.471039650608837],[-56.400252959886835,-30.47103961837845],[-56.40304434358098,-30.46858266099782],[-56.40406101970495,-30.467690812849323],[-56.40498854872288,-30.464779081303373],[-56.40591156057831,-30.46188062255704],[-56.4044712800133,-30.45877710147365],[-56.40413241375219,-30.458045803047487],[-56.40412797297256,-30.458041403779617],[-56.39902223924726,-30.456391465147895],[-56.399017798707774,-30.456391497823923],[-56.39857186713354,-30.452512062185],[-56.39857186713354,-30.452507630084185],[-56.40237106320353,-30.448931379755816],[-56.407766578630984,-30.44754460460424],[-56.408649477867954,-30.447321680271667],[-56.412172189536044,-30.443518111078156],[-56.41627010005953,-30.4296012065556],[-56.41746508693024,-30.429556637025634],[-56.42050177610304,-30.429440652430188],[-56.4305347405967,-30.43397113325026],[-56.433219124921955,-30.43517953455396],[-56.43656787797088,-30.43322197764966],[-56.43802154699378,-30.429645834003583],[-56.438458523440126,-30.42855778784776],[-56.44175825186837,-30.425681625045492],[-56.44436683066056,-30.425191134161523],[-56.447800391201,-30.424549047664552],[-56.450738940366776,-30.420139026362378],[-56.45096630087,-30.419800115236942],[-56.451251677094135,-30.419372027934813],[-56.45114026064582,-30.418770077467002],[-56.45107780255602,-30.41842225339753],[-56.450538238143004,-30.415488114275604],[-56.445468276821195,-30.409249861457937],[-56.44584283294451,-30.407836306740005],[-56.44614160744552,-30.406699264797957],[-56.45349908757103,-30.400229110222096],[-56.459229058763114,-30.387400286658718],[-56.45923350212642,-30.38740024889413],[-56.46235040181348,-30.386138308179852],[-56.46635468620513,-30.38793091900477],[-56.46803134188711,-30.388680013879014],[-56.47485816541051,-30.387739143887654],[-56.474862609504726,-30.38773918326322],[-56.47724381923897,-30.388733528070407],[-56.478920410578866,-30.389429191213953],[-56.479268261900295,-30.38988849552581],[-56.483161035710474,-30.39501199341034],[-56.48702259971794,-30.394387667539466],[-56.48866799376512,-30.394120099566862],[-56.48936368347004,-30.393464643416284],[-56.5013184762879,-30.38216975877873],[-56.507779725347056,-30.37895024158351],[-56.50994237830925,-30.37371525252931],[-56.51346064137463,-30.36519842232536],[-56.51766107927665,-30.361769335289505],[-56.51906126633145,-30.3606278611504],[-56.52398859006622,-30.358607844670406],[-56.530686108466234,-30.358732682877875],[-56.532188847632895,-30.35875945315633],[-56.53219329440083,-30.358759488992476],[-56.53449862937749,-30.36015070446584],[-56.53509622287417,-30.36050741621569],[-56.54009929083466,-30.36350837161352],[-56.54464762165338,-30.3644894324902],[-56.544652069000826,-30.364489390071498],[-56.546021006580716,-30.360079354121737],[-56.54474571992288,-30.357002561398325],[-56.54330983471818,-30.353528935926427],[-56.54346147015671,-30.353136569801876],[-56.545659826157795,-30.347469026795125],[-56.54766194432664,-30.346951755159314],[-56.54983798783974,-30.346389936452823],[-56.55131836204899,-30.34427181535054],[-56.55017686047895,-30.342849413664165],[-56.54935191895825,-30.341819363335574],[-56.54777783565673,-30.34100777984249],[-56.53902907647905,-30.336468374408906],[-56.53667026850283,-30.33124683771344],[-56.5360683037349,-30.329918024467922],[-56.53806149807194,-30.32091058388114],[-56.539961087636044,-30.312331348456873],[-56.54472784499095,-30.31238034022562],[-56.544754614627095,-30.3123981766665],[-56.551880222571874,-30.317851669206107],[-56.55823001454317,-30.318070200521294],[-56.56681824843339,-30.309941267122014],[-56.57385917605791,-30.307840989501248],[-56.573975099086276,-30.3077161098285],[-56.57711876259995,-30.304278205435224],[-56.576539044307,-30.303078647068418],[-56.57417127025717,-30.298191492582447],[-56.57468852071976,-30.296002109743338],[-56.57526822782834,-30.29355851672784],[-56.57722579184737,-30.293420244762654],[-56.57792135653284,-30.293371210290378],[-56.58238053361756,-30.293059057397105],[-56.5913700170099,-30.298459056679608],[-56.6027586284255,-30.29872213002962],[-56.61041489000171,-30.302878014891945],[-56.611449356193944,-30.30343987819629],[-56.61722834723002,-30.302530192060804],[-56.619671990565344,-30.29853930280853],[-56.61896739324055,-30.29709898774674],[-56.61791059251323,-30.294931866186058],[-56.60607174257341,-30.285509867629777],[-56.60567036992745,-30.283039494518075],[-56.60492128810337,-30.278442173683878],[-56.606780695706334,-30.273282996469106],[-56.60794007298529,-30.270059032817866],[-56.61227876870112,-30.266910877903594],[-56.619801235775206,-30.269381211163992],[-56.634007967770664,-30.26791866929608],[-56.63505141927396,-30.26725424053531],[-56.63708031374075,-30.26596108705985],[-56.637775883379305,-30.263851930670814],[-56.63799889476866,-30.263178674295],[-56.63643816830461,-30.261029318508726],[-56.635729168005916,-30.260048370810946],[-56.63367795900118,-30.259731725928432],[-56.62614208182798,-30.258567885885764],[-56.62417119544212,-30.25084032115645],[-56.6277385079589,-30.242898657915163],[-56.64000096943905,-30.23439959989165],[-56.644620641779646,-30.22705100926574],[-56.644620641779646,-30.227046561964034],[-56.646359668405495,-30.224281892028376],[-56.65155005126574,-30.222480414877385],[-56.65444400223353,-30.22294415126303],[-56.6584795299808,-30.223590742050714],[-56.66085177629314,-30.222953121239616],[-56.66342908275369,-30.222261930702174],[-56.66342908275369,-30.222257482620723],[-56.660280972750776,-30.21733017563846],[-56.64854907831088,-30.21525223061382],[-56.64215924323443,-30.20905854239494],[-56.644339739522835,-30.20507211804435],[-56.65122006810551,-30.20571416192794],[-56.65310186057468,-30.205888078549464],[-56.65836804337246,-30.201094604239156],[-56.65942040672771,-30.200140327975113],[-56.66156524264785,-30.200938503774072],[-56.66668870574658,-30.202838105676467],[-56.67249892549353,-30.202851498474626],[-56.67763136106666,-30.19973011580157],[-56.67813966077233,-30.199417980510948],[-56.67957995769051,-30.199364474255635],[-56.68287969474946,-30.199239609493254],[-56.69220816044479,-30.20599961340314],[-56.69381792771904,-30.205861384001793],[-56.69721126390258,-30.205571537191968],[-56.69837952279726,-30.204385357686263],[-56.700729532167834,-30.201999765634948],[-56.70528674067311,-30.190036048180282],[-56.70528674067311,-30.19003151963938],[-56.70533128838522,-30.189920091732972],[-56.70632119522747,-30.187311458123283],[-56.70359222942997,-30.18030179203064],[-56.70358777473771,-30.180301769867974],[-56.70582182858337,-30.17746137108044],[-56.70794875938948,-30.177381106044948],[-56.70950944069712,-30.177318650784386],[-56.71250150923511,-30.17874554873359],[-56.715738794126956,-30.1802884128544],[-56.72292692059541,-30.17980234423124],[-56.723368366730234,-30.179771123406237],[-56.7237473505226,-30.179561600819884],[-56.72443857346872,-30.179178099166407],[-56.75188873162679,-30.163968066459137],[-56.7550681006224,-30.16326352748588],[-56.75946028147534,-30.162291484583033],[-56.771080775029276,-30.167348110578303],[-56.77631126753629,-30.166460766887365],[-56.778326743393166,-30.164650314544023],[-56.78085958572046,-30.1623806505999],[-56.78210806976549,-30.15590154879431],[-56.77907588106002,-30.14125343752574],[-56.77895105296086,-30.14063808265972],[-56.78109141399161,-30.13091277873743],[-56.78109141399161,-30.13090832395116],[-56.78774882393167,-30.12697092416202],[-56.79929790983012,-30.125602010169473],[-56.802829558541205,-30.1224806362866],[-56.8015408487197,-30.112889070476662],[-56.80356524898192,-30.106971866802997],[-56.80360984165643,-30.106838096704454],[-56.806784720799705,-30.10694061684144],[-56.80678918021294,-30.106940631918675],[-56.81249688115499,-30.11016009898415],[-56.81250134082845,-30.11016011391397],[-56.81641195228102,-30.10932182672796],[-56.82693099122333,-30.097612259973808],[-56.82989183754163,-30.09432139870696],[-56.8348904306776,-30.09159244025263],[-56.83579123732256,-30.091101954693233],[-56.852909678661646,-30.09042858776223],[-56.86242096493055,-30.095561021289033],[-56.86664814580453,-30.09561902417457],[-56.87129007643341,-30.088551287687267],[-56.87516509855002,-30.088390781337335],[-56.877608616323435,-30.08828823900031],[-56.882964005268555,-30.091235731649885],[-56.89202045074639,-30.09622094589382],[-56.89222112706392,-30.09659552075952],[-56.89289894910771,-30.09784857543281],[-56.89931999260232,-30.109700815704702],[-56.90196875401488,-30.10982127192043],[-56.90661955941666,-30.107801281737324],[-56.91294705986404,-30.107778971380643],[-56.91295152409448,-30.10777898173118],[-56.91386111525658,-30.10499203090649],[-56.91386111525658,-30.104987570879874],[-56.91230936378676,-30.100689026855605],[-56.9123138279884,-30.10068895874932],[-56.91312537168721,-30.099632149455232],[-56.91725007066359,-30.09429022487432],[-56.91725453508845,-30.094290156325563],[-56.921263240717835,-30.093902223862294],[-56.92540133021591,-30.093500920515147],[-56.949373473481124,-30.096586642570493],[-56.960739688389715,-30.098049232937704],[-56.962692806629995,-30.09787532933881],[-56.979659641727906,-30.09635923072687],[-56.99029902179355,-30.083071038593598],[-56.99421857383086,-30.082219428153532],[-57.000002083102,-30.083427828725423],[-57.00329284448802,-30.084859167672484],[-57.00735065755829,-30.086620536372468],[-57.01564011922612,-30.08820798396798],[-57.01850735869117,-30.08970622478133],[-57.02243137262239,-30.09174849273917],[-57.026275092957604,-30.09622095945984],[-57.02678786376595,-30.09681850417418],[-57.0294053909328,-30.098187462897496],[-57.03357016303679,-30.100359026790485],[-57.041418154144914,-30.101518408524853],[-57.05266850335202,-30.10040807720703],[-57.06267030599673,-30.096809582350016],[-57.06389208815445,-30.09199823002438],[-57.063151880702684,-30.08872971100817],[-57.06529221208982,-30.08831944515049],[-57.0683288905661,-30.08773976484289],[-57.07467863790972,-30.090861107997217],[-57.08204508958056,-30.096617820908406],[-57.0840293935445,-30.09816962114795],[-57.086954494618155,-30.102271938378202],[-57.08790876354348,-30.10360971825981],[-57.08779283348899,-30.10406895672557],[-57.08608950274318,-30.110820045267836],[-57.08357007794981,-30.11395036871734],[-57.08559001590179,-30.119310187335547],[-57.08917067256915,-30.121900963111923],[-57.093469263317125,-30.120068226880573],[-57.094780266485856,-30.113638193269765],[-57.10001077440964,-30.11185009995044],[-57.10456796236137,-30.113678338580673],[-57.109348148335414,-30.114587990082576],[-57.11010168575695,-30.114730688014266],[-57.11048963930273,-30.115368321296035],[-57.11172929424571,-30.11739275410192],[-57.11264784101665,-30.11889993828526],[-57.11176946651288,-30.119586695582743],[-57.110208781431,-30.120808483475084],[-57.10935262137195,-30.124826103890964],[-57.1076403231246,-30.13285692681565],[-57.1076403231246,-30.13286139250322],[-57.10912071189435,-30.139398430105107],[-57.11164456264274,-30.13991573938554],[-57.114190756963474,-30.140441921604683],[-57.12001879866241,-30.14002276631796],[-57.12120936181355,-30.139938016577048],[-57.12120936181355,-30.139942482505777],[-57.127090893586725,-30.14304152806048],[-57.131318144843995,-30.15051942410186],[-57.143629745658856,-30.17132116518345],[-57.145618448770755,-30.174674382881733],[-57.151281532417855,-30.184221319206443],[-57.15676179710051,-30.18754340916841],[-57.15677066132385,-30.187547854844045],[-57.15848740926658,-30.188586785252475],[-57.15849188448483,-30.18859125298855],[-57.16323194043349,-30.195279907235083],[-57.166108046541574,-30.20187939797563],[-57.166108046541574,-30.20188386353821],[-57.16485059534076,-30.207497847496615],[-57.16129220512742,-30.21260798918594],[-57.15883966118693,-30.222631988302695],[-57.15783196405731,-30.23191146019122],[-57.15996785670764,-30.235237934632142],[-57.15997233199149,-30.23524240249665],[-57.1629821774138,-30.236892220555827],[-57.16720946959486,-30.239211013479903],[-57.17153032773958,-30.245070208526915],[-57.17361271317554,-30.245618672853567],[-57.17520906843155,-30.246037875960806],[-57.17521354439026,-30.24604234367846],[-57.18145184608321,-30.25117923228853],[-57.18597776496676,-30.25471523011527],[-57.188599784590586,-30.256761982756633],[-57.19390162303653,-30.261849830252423],[-57.19390162303653,-30.261854294920912],[-57.19930154462893,-30.273430104776423],[-57.20013100275805,-30.27432194142094],[-57.206779483103816,-30.2814520453269],[-57.217369838625295,-30.283940188657102],[-57.22708174965975,-30.285581159396493],[-57.2370032782314,-30.28457786923669],[-57.23953161416323,-30.284319266926975],[-57.24023168708155,-30.284100770667436],[-57.25126794622554,-30.280640487792883],[-57.254068245060814,-30.275780061566035],[-57.254268958497306,-30.275427797678045],[-57.257439335666646,-30.269078040230404],[-57.261350002503676,-30.266010136328724],[-57.26419046655999,-30.26773137636264],[-57.2647477826298,-30.271829317237593],[-57.26514916580717,-30.27435311955282],[-57.265777821706855,-30.278348493817774],[-57.269340651672096,-30.281340532814795],[-57.2700897802034,-30.282241264521982],[-57.27283218033354,-30.285549952921777],[-57.276328136545786,-30.28975044430236],[-57.27977053184112,-30.289304481797537],[-57.28574123288062,-30.28852864360957],[-57.29260824619272,-30.282749645394738],[-57.30058117484741,-30.273777961138375],[-57.30236921413861,-30.26696884173037],[-57.305040256750395,-30.26404813542108],[-57.30735006843647,-30.261519818574214],[-57.31304880358335,-30.25974069110993],[-57.3207808455716,-30.26330792547386],[-57.325980172967704,-30.27042018700834],[-57.332334440666386,-30.27267652846279],[-57.33376129554262,-30.273180366553383],[-57.34056143545292,-30.27671203312521],[-57.34509192213326,-30.279338437133365],[-57.347138625766235,-30.28049777397543],[-57.35051864715687,-30.282410716193144],[-57.35387187685474,-30.280930307300334],[-57.36028849173202,-30.274718751212568],[-57.361430043190225,-30.273822545919025],[-57.36468074890399,-30.271258521628422],[-57.370267966755186,-30.271499282567092],[-57.37343391547831,-30.27163753722224],[-57.373991308462784,-30.271659875203493],[-57.37707259128217,-30.274901629261667],[-57.378401399758566,-30.27630177746208],[-57.382869381940374,-30.28530467979464],[-57.388050889869945,-30.29574788004611],[-57.38962938108764,-30.297402226549064],[-57.392897883512646,-30.30081787293034],[-57.39369613426567,-30.301330711825823],[-57.395609062862235,-30.302548066903736],[-57.40034909659179,-30.302079855685065],[-57.4010580327704,-30.301567046937645],[-57.403711194986805,-30.29965854007377],[-57.408058887857116,-30.297183779789986],[-57.40900866517823,-30.29663977505537],[-57.41501949396967,-30.29770099480625],[-57.41867154292628,-30.296180425618974],[-57.42048191229772,-30.291859543858422],[-57.420794083853515,-30.286303575527004],[-57.420981318212604,-30.282968088027637],[-57.42309941971217,-30.27836191382684],[-57.42561879862028,-30.27507107161454],[-57.431536016578825,-30.2741837244985],[-57.43409106768329,-30.273800209259985],[-57.436378577492505,-30.274299601111384],[-57.44101165583501,-30.27531186008686],[-57.442960239247256,-30.27573100224913],[-57.445626817504134,-30.27631068847823],[-57.445631218994286,-30.276310656476316],[-57.45310470086839,-30.27123180895974],[-57.45630184323832,-30.26906019652314],[-57.45814351168732,-30.26816393136663],[-57.46397151960526,-30.265341290772778],[-57.47147170153494,-30.26484184162068],[-57.47230111750638,-30.26498906509533],[-57.477469232494826,-30.265898678814565],[-57.47747372166503,-30.26590314295394],[-57.47867320035594,-30.26666117631571],[-57.481049925275975,-30.26815942943066],[-57.48581217171618,-30.271312038458838],[-57.4936512727719,-30.277309525931944],[-57.49992967913135,-30.282027239848446],[-57.49992967913135,-30.282031714032843],[-57.50214144131645,-30.282259147789684],[-57.50642219017379,-30.28270062642094],[-57.521413665430245,-30.28020345081502],[-57.521971076994426,-30.280109864318003],[-57.53837165645404,-30.274709907660277],[-57.545055829723346,-30.270277553160277],[-57.550718853566615,-30.266518503377057],[-57.55428616380052,-30.26170270707432],[-57.55726929628688,-30.257671686316307],[-57.55936952296014,-30.249052241257367],[-57.55726039747697,-30.23641064498631],[-57.55487027361558,-30.22457169490214],[-57.55487027361558,-30.22456281795672],[-57.55489256333137,-30.224366618275216],[-57.55583789355086,-30.215287847366138],[-57.55584238609283,-30.215287910905058],[-57.55987339700466,-30.21105173932556],[-57.55988229603648,-30.211042806663748],[-57.56178186783124,-30.20904960298511],[-57.56292347641104,-30.208224720343072],[-57.57052175847903,-30.202731072265873],[-57.57972979349033,-30.20067985060349],[-57.59477480929933,-30.193674621161854],[-57.604130007536476,-30.189318057059133],[-57.61468915052654,-30.183681788398093],[-57.61546947842942,-30.182607143350083],[-57.617587552792266,-30.179686392054187],[-57.61759645671283,-30.179668562744716],[-57.61778378500217,-30.179151314619432],[-57.61897432587321,-30.175896195694854],[-57.626501272464125,-30.174513863190036],[-57.636458463679396,-30.17565093228127],[-57.64382487721335,-30.1795927649478],[-57.644988733855406,-30.18453791335787],[-57.647347614875564,-30.194526288825486],[-57.651374176949204,-30.20122385462913],[-57.6242762515544,-30.235991524437534],[-57.61687852650512,-30.24867315594665],[-57.61582173868165,-30.254661742847873],[-57.63660562090768,-30.31243387692833],[-57.637662444091404,-30.323349784565426],[-57.640480546859386,-30.333213233812163],[-57.64506007021077,-30.342372248337995],[-57.66018982650262,-30.358175326340735],[-57.66091220237322,-30.358928925601955],[-57.69402103639287,-30.3811218345205],[-57.72572518621379,-30.400492210785742],[-57.76270902239944,-30.41669655075816],[-57.78137925035777,-30.432196380418663],[-57.793708674483156,-30.446287131378927],[-57.81202663319,-30.451923423833495],[-57.83763078687758,-30.466553764110245],[-57.84161724099742,-30.46883236708162],[-57.86627166829732,-30.479395992248087],[-57.88036236876937,-30.49630489808127],[-57.88846459556293,-30.501941182549725],[-57.89369065116372,-30.509200657786526],[-57.88987361235619,-30.58824262516249],[-57.88141918042456,-30.595288044598416],[-57.869794300979386,-30.600572082391484],[-57.85323769731541,-30.61290150764397],[-57.84724906612173,-30.62029913437877],[-57.84535399901932,-30.626934253474264],[-57.845135516169904,-30.627696748485413],[-57.84408313155777,-30.648779430828505],[-57.84372639040908,-30.655873816372555],[-57.83985593755598,-30.66256697052649],[-57.83245829282807,-30.67031686008901],[-57.81449253793584,-30.684759895360195],[-57.80867337770018,-30.694364808393253],[-57.80744719662007,-30.696384739314517],[-57.80730889598206,-30.69781611670594],[-57.80678280094485,-30.70324287636666],[-57.80639033139727,-30.707305082508803],[-57.80682289665688,-30.710702962585625],[-57.80723762402596,-30.71398933659152],[-57.80956078509305,-30.732311760401338],[-57.80956078509305,-30.753907135957668],[-57.80956078509305,-30.757675082222732],[-57.800401798346144,-30.780572599191903],[-57.8044461907562,-30.81522872483952],[-57.80533356318471,-30.822840387704108],[-57.805351402502716,-30.823536064562166],[-57.80639033139727,-30.868283142193803],[-57.80664450116331,-30.870352115886895],[-57.813788000315085,-30.92816437590477],[-57.83421964841932,-30.925346259098376],[-57.851476290451444,-30.920766754176412],[-57.871907901115655,-30.918300809189578],[-57.889521399769876,-30.921471249633314],[-57.90396444295734,-30.930630290423714],[-57.90887390433739,-30.93979815768493],[-57.90924845720765,-30.940493811973308],[-57.90185082276404,-30.955636925331486],[-57.897975858460136,-30.96972764517075],[-57.880041297656916,-30.989383344700872],[-57.872260229596726,-30.99790915602603],[-57.865567051583625,-31.008477246803906],[-57.86486252611816,-31.02115889235374],[-57.86493392290579,-31.02238069944164],[-57.86627166829734,-31.045461024168826],[-57.87069954274047,-31.062588480199178],[-57.87437379135743,-31.076812961267034],[-57.87860103898181,-31.084210585888457],[-57.89343644928374,-31.09904606787032],[-57.89868033983024,-31.10428992887001],[-57.90713482057619,-31.11098304747801],[-57.912066616838885,-31.12542165062613],[-57.91259721330259,-31.12841364869435],[-57.9127934679051,-31.12951061396142],[-57.91382797131676,-31.135285146564875],[-57.91523705816936,-31.167693958759322],[-57.912066616838885,-31.19552317079683],[-57.91195514076781,-31.195911087442497],[-57.9088961815721,-31.206791330733147],[-57.91051038311915,-31.21486675696682],[-57.91100976588203,-31.217359391197036],[-57.91981647852084,-31.230041016622433],[-57.93754589206293,-31.271216377043434],[-57.93866066074048,-31.273798239592534],[-57.94059594782927,-31.27829747376207],[-57.94431479581578,-31.28248452303821],[-57.945380555486686,-31.283679616161166],[-57.960323014180354,-31.300490400460642],[-57.97723191127217,-31.315285665087718],[-57.98110684051028,-31.32021742028712],[-57.983220441088044,-31.334308191529146],[-57.98779994823408,-31.344876285205792],[-57.99088116581935,-31.35967602822327],[-57.99132262328589,-31.361780767897862],[-57.981744464048816,-31.37895272729875],[-57.98110684051028,-31.380098707782352],[-57.980050012205865,-31.384325949327383],[-57.98357269737433,-31.391723613309978],[-57.98992252656019,-31.3968024941076],[-58.002510509093256,-31.40687563724321],[-58.004704428141274,-31.408632487169815],[-58.04873802808534,-31.430120883684253],[-58.0737491638107,-31.448082219827704],[-58.07988040155258,-31.456059524327173],[-58.080794508186024,-31.457241193604844],[-58.082903693411865,-31.468513759766754],[-58.08255589298588,-31.479777498908273],[-58.08255137835951,-31.479786403539517],[-58.076215022140865,-31.49035443736086],[-58.061419745953074,-31.499865692946724],[-58.03394271884273,-31.50902473752246],[-58.01061273355838,-31.525474305969666],[-58.00646572029807,-31.52839501576666],[-58.003999867166556,-31.53121320835559],[-58.00358516648644,-31.536510574529807],[-58.002943077594836,-31.544599428198175],[-57.984629559797526,-31.570315047347602],[-57.98109348263625,-31.580923302014117],[-57.98040234499577,-31.58299673069535],[-57.98427730009995,-31.6009580181217],[-58.00505666695169,-31.659786943714366],[-58.012454377822735,-31.678805026324696],[-58.02717832092693,-31.70906442408099],[-58.03781766155009,-31.730940804668954],[-58.04486304695089,-31.761231486457536],[-58.05895387196677,-31.78342443209069],[-58.07057871926473,-31.81054916213951],[-58.0744536519215,-31.816889983697777],[-58.08008997951415,-31.821821749821243],[-58.09030135410396,-31.82463987295887],[-58.099152648541555,-31.825027836886566],[-58.108561384025705,-31.825442536631318],[-58.11425564302992,-31.825696722748702],[-58.11953966020348,-31.828514816498156],[-58.15335750615969,-31.83520798171004],[-58.189284446811264,-31.857044158872938],[-58.19562527540788,-31.86232822963895],[-58.19950023970142,-31.871839481204223],[-58.19703432984339,-31.904952751435992],[-58.195687675640514,-31.907280402876914],[-58.19315936438806,-31.911645853962472],[-58.176705364587576,-31.925041015816323],[-58.16850056454841,-31.931720750860578],[-58.160755101695784,-31.947572837483186],[-58.15441426292542,-31.977163458976722],[-58.14012283651501,-32.0134114305865],[-58.138401620300534,-32.02144673250403],[-58.13910174337745,-32.02521024748679],[-58.14422076771242,-32.05263372585237],[-58.14643245393437,-32.06448157161463],[-58.15102536195064,-32.07194167042318],[-58.15618898362614,-32.077676026487254],[-58.163073809710305,-32.08226891058949],[-58.16651625248655,-32.08743254399693],[-58.1728303247391,-32.11612240160495],[-58.17455155357052,-32.130467358884516],[-58.18028596024802,-32.1528475569761],[-58.18070071756445,-32.1586087511877],[-58.18086121593944,-32.16088283438492],[-58.177565962215446,-32.16480685955294],[-58.16881275068162,-32.17522777645386],[-58.14700770806715,-32.19531159196067],[-58.11888864328184,-32.22974030343177],[-58.10397292970672,-32.24465599034359],[-58.098804796866666,-32.25441246609296],[-58.1015471759877,-32.26994799161395],[-58.10225175491236,-32.27392112506727],[-58.09943355302821,-32.281965277377644],[-58.098234048103826,-32.2853987784453],[-58.09912590404039,-32.29106190443878],[-58.09990175770578,-32.29596244032312],[-58.09995524709061,-32.296301264397506],[-58.100102429866084,-32.296573295789194],[-58.10684013772027,-32.308925057536946],[-58.10832500523894,-32.313870161901136],[-58.11200378340251,-32.32613718965037],[-58.114380438906345,-32.32893299154814],[-58.12176032025866,-32.337614915739444],[-58.13897240268929,-32.34794212319351],[-58.14930415021282,-32.35368101091655],[-58.16938351574025,-32.35884462810235],[-58.17518030532164,-32.365510984033364],[-58.18086121593944,-32.372043588109456],[-58.184878877648615,-32.37950367493486],[-58.184486437976815,-32.38809190857292],[-58.184303601188574,-32.392127379054195],[-58.18605603116368,-32.397509497033376],[-58.18973034920698,-32.40278460740411],[-58.19112603263813,-32.40479123430847],[-58.19864859815205,-32.436883360989896],[-58.20381217143298,-32.4678696606562],[-58.202799966724115,-32.47202551731269],[-58.19750259908698,-32.49369232646514],[-58.1936945356182,-32.501303990245425],[-58.1888965105723,-32.51090448452065],[-58.186024833741044,-32.52524940771324],[-58.18200721756155,-32.53500592328728],[-58.17455155357052,-32.54935083007502],[-58.163073809710305,-32.5619745169088],[-58.161352671770054,-32.59410686005655],[-58.15848101119909,-32.608451768686315],[-58.15159612245831,-32.626243551468555],[-58.152737652282575,-32.64048595319625],[-58.15274660039379,-32.64058848066431],[-58.152737652282575,-32.64061970328507],[-58.147582965184064,-32.65780060309825],[-58.14356526227532,-32.66640670759285],[-58.14299002600331,-32.673866723751736],[-58.14686498013248,-32.68355195605246],[-58.147582965184064,-32.68534453706387],[-58.14872888416825,-32.69280453350847],[-58.14700770806715,-32.70485304887086],[-58.14872888416825,-32.72780402774093],[-58.14752493548755,-32.731968816969065],[-58.14241487958317,-32.749609078963665],[-58.13610523028979,-32.78346699847855],[-58.1320875960546,-32.795515479560926],[-58.12634873127333,-32.804121598172166],[-58.12176032025866,-32.816745275429355],[-58.12176032025866,-32.82305936226058],[-58.125158140624805,-32.83552254137609],[-58.12520269634701,-32.835683096125614],[-58.12489506246699,-32.83683801753905],[-58.1148754552528,-32.87470025206702],[-58.11372502330531,-32.886177984643524],[-58.12003904210969,-32.907407708080825],[-58.114875455252815,-32.92003142831717],[-58.11438495483491,-32.92958286909742],[-58.11397027177797,-32.93773855036105],[-58.114054945155345,-32.94074392711174],[-58.11478626530175,-32.96703932960451],[-58.119668978188585,-32.981959428449464],[-58.11776934780062,-32.98982531665763],[-58.125091263648535,-33.000946321817466],[-58.12699084606391,-33.01098374524003],[-58.12590725237415,-33.017493993389316],[-58.130272698821734,-33.026452309476],[-58.12443126822848,-33.0271747456735],[-58.1250956931613,-33.0313751893983],[-58.1165074616873,-33.02951130717702],[-58.111085162906356,-33.02523499213071],[-58.111722846941994,-33.02247035703523],[-58.11011314255738,-33.019563011633764],[-58.106224799325645,-33.022626481842195],[-58.1026976547927,-33.02209134916514],[-58.0941004841754,-33.01347190257513],[-58.08538738153105,-32.989036040874986],[-58.086167740162566,-32.983319468319316],[-58.08456248907791,-32.98062168426583],[-58.08168630990465,-32.983863431458424],[-58.07790948531654,-32.983337282874196],[-58.0750200236972,-32.97983247183929],[-58.07310701141566,-32.9691216831748],[-58.069945526773736,-32.971534066806875],[-58.06832688317661,-32.9684126544264],[-58.07163998027214,-32.95060301375171],[-58.07035579064564,-32.94325448131072],[-58.071515145930995,-32.94090453367678],[-58.065557812992644,-32.93558483707277],[-58.06117895449817,-32.93887111740856],[-58.057406566017576,-32.93834496721716],[-58.056996263644926,-32.934135577619564],[-58.06167390563824,-32.925779222275565],[-58.057330702929086,-32.92336681819092],[-58.05135556421193,-32.92395549519605],[-58.05444568763074,-32.91986196770204],[-58.05104336259881,-32.91594686433456],[-58.04858640072382,-32.9170706026166],[-58.04725760893318,-32.914997103167565],[-58.04619189655526,-32.913342754967495],[-58.03937389081084,-32.91163051889146],[-58.03586459555809,-32.91784199339296],[-58.03538303844091,-32.92481609389041],[-58.05176575872816,-32.96718641291082],[-58.05254162596763,-32.974334389820136],[-58.058788863153644,-32.980701954074306],[-58.06163822949945,-32.98969150033848],[-58.07665204842073,-33.015433897036694],[-58.07905989117395,-33.02591277524912],[-58.07647364356184,-33.02857043864709],[-58.07039146961158,-33.03480429147336],[-58.07228655150347,-33.038545397253365],[-58.09237034645787,-33.052547039809426],[-58.09744926252057,-33.060845377034745],[-58.10185040314233,-33.06451967489511],[-58.105484591551395,-33.07412013390025],[-58.13076769942855,-33.092607573395846],[-58.13450437832367,-33.098408820392905],[-58.137915619351595,-33.09598754256933],[-58.14384619270231,-33.10025490849364],[-58.1586459952234,-33.10679198492565],[-58.159363882750114,-33.11225885124645],[-58.16232027642494,-33.113074829354936],[-58.16697109976529,-33.11436352964772],[-58.17392280537463,-33.11901884133306],[-58.180812119227326,-33.115866219251295],[-58.185320330483066,-33.11573689906248],[-58.1947557604821,-33.11968770652902],[-58.203468858656805,-33.11816712917059],[-58.20751766997855,-33.11910797902499],[-58.212445053331635,-33.1231836213627],[-58.21720732237923,-33.12325497752203],[-58.22210792464026,-33.12037442444975],[-58.22736516700496,-33.12021831783537],[-58.23320209448269,-33.115835024056125],[-58.251149982863666,-33.11340928484565],[-58.259983480673306,-33.114836215778936],[-58.270457938389306,-33.119594081627945],[-58.27519797610949,-33.11903220095061],[-58.27717778358684,-33.124458943699025],[-58.28045075216908,-33.12478441007652],[-58.29213809420613,-33.11637012724385],[-58.29359620512788,-33.115326728521026],[-58.30235831606052,-33.11506807203053],[-58.30705820191858,-33.1126155787115],[-58.30750857516963,-33.112379217527874],[-58.310366838718714,-33.1122186837164],[-58.3111516450561,-33.113195213949155],[-58.31389846676529,-33.11535787628561],[-58.33062904970422,-33.11971000529812],[-58.34541988375459,-33.131709399838286],[-58.35074407599761,-33.133029330983916],[-58.35335261173338,-33.13548183307503],[-58.3603890739012,-33.15362594589039],[-58.36047375989148,-33.17346001650695],[-58.354351465425054,-33.194738857355084],[-58.354266696981774,-33.19935843817161],[-58.35397688337899,-33.2156430638579],[-58.350373944329284,-33.231361391022894],[-58.35149765841658,-33.246098752815215],[-58.35039622355841,-33.25562785119025],[-58.34763154397182,-33.26752469397285],[-58.34476441772649,-33.27098946496544],[-58.34004216357183,-33.27218448837661],[-58.33969434404425,-33.275778511075686],[-58.34575431909299,-33.28846912398429],[-58.347578109946205,-33.30192220885357],[-58.34690922947412,-33.31997269540586],[-58.346757631041,-33.324101783372534],[-58.3523804849926,-33.332373426972104],[-58.36466531681489,-33.34340080699027],[-58.37872040976072,-33.349144084541344],[-58.38052636345808,-33.3498843490601],[-58.38216729395432,-33.35299680013718],[-58.386095786620224,-33.35667997708743],[-58.39285577243678,-33.35604679532644],[-58.40266133496155,-33.361870361590015],[-58.408114817284904,-33.36592368376326],[-58.403459493277815,-33.36880872796581],[-58.407223024054105,-33.37439157471705],[-58.4113833923711,-33.37764220160886],[-58.41090178146804,-33.3839875667884],[-58.41689476480881,-33.394564520705],[-58.41489265672061,-33.400749294918],[-58.416506827494736,-33.40892724072324],[-58.42031494002122,-33.415566885696876],[-58.41866509933103,-33.4181487459414],[-58.400302503822054,-33.41828690678823],[-58.39079567053046,-33.41372077699748],[-58.38880690623614,-33.41198621429103],[-58.388731078974665,-33.41191934995646],[-58.37956323100382,-33.40393306823881],[-58.37579974569973,-33.40425857967703],[-58.37574177190581,-33.414599252437604],[-58.379581076388035,-33.41617332950028],[-58.376985864688855,-33.43798281551272],[-58.37969250128951,-33.44824762393693],[-58.38869991233078,-33.4646437549726],[-58.39166522173087,-33.47510482535777],[-58.39059952619049,-33.47956834678258],[-58.38701440162442,-33.48410775445378],[-58.39087593919509,-33.486100903796356],[-58.39303416023121,-33.483505756726586],[-58.39855004202214,-33.48291266481718],[-58.429625501486655,-33.514465277710066],[-58.43341132121524,-33.52027100689297],[-58.435025492899285,-33.522741386021956],[-58.43655947358137,-33.52902427930815],[-58.436773464349166,-33.55139110161294],[-58.42633471857822,-33.58969922652909],[-58.42484093460068,-33.60177447545921],[-58.42267383744528,-33.62737862762301],[-58.42442623514458,-33.6446353361367],[-58.42704369151685,-33.658480843412406],[-58.43468217250403,-33.67154606450034],[-58.442721906297606,-33.676575875730435]]]]},"id":"00020000000000000033","properties":{"Shape_Leng":21.9139766258,"EXP0_YEAR":3000,"STATUS":"Member State","ADM0_NAME":"Uruguay","STR0_YEAR":1000,"ADM0_CODE":260,"Shape_Area":17.1211522069,"DISP_AREA":"NO"}}]}